boston,lock,devil,washington,height,pittsburgh,mask,shut,buffalo,stick,width,jersey,alarm,penguin,depth,montreal,quebec,bayonet,attribute,greeting,seattle,tuesday,june,jagr,victory,lesbian,neck,cherry,steven,border,speaking,blade,penalty,wednesday,butt,barrasso,dominate,bodi,zero,chicago,cooper,dispatch,rank,hextall,fade,identical,defensemen,cobra,sticky,tough,footnote,parade,hero,mclean,friday,stephane,brainwashing,wilkinson,weighing,rabid,kjell,richter,second,retrospect,bondage,third,wore,assist,feet,rigg,beaupre,decade,mould,suicidal,exciting,stay,facet,sorry,forget,ston,gerry,pair,irritating,felix,injure,everybody,thirteen,hayward,fitzpatrick,wamsley,meet,oppression,cake,moog,other,night,conformity,drama,holik,ramm
high,tape,hour,cause,backup,usual,tube,increase,pressure,time,cold,damage,often,georgia,change,filter,effect,minute,typical,complex,extreme,common,taking,prevent,warm,dose,large,local,occasional,headache,require,component,amount,renewal,motor,confusion,factor,greatest,fusion,heavy,accompanying,several,side,small,potential,size,level,tail,secondary,form,sometime,current,listening,electric,breast,depression,weight,quantitative,significant,nutrition,much,nerve,anywhere,type,note,iron,tend,short,useful,broken,alter,near,lead,element,proper,vary,migraine,numerical,mineral,electricity,resistance,temperature,occur,slow,reaction,caus,stopping,within,actual,obtain,losse,initial,many,possible,quality,oxygen,creat,celestial,hazard,stop
frame,suit,movie,afford,choice,speech,firm,weekend,voice,sample,competition,peripheral,scar,shield,licensing,toshiba,corporate,compression,spouse,jacket,rate,time,kernel,aside,shirt,austin,builder,second,celp,sustain,full,housing,nextstep,pickup,contributor,breath,rail,satisfy,snail,transparent,industrie,fiction,playback,work,passport,payment,airplane,noisy,satanic,benign,noble,cliff,short,play,single,quality,unbeliever,studio,piece,withdrawn,near,size,enforcer,fifteen,designer,teenager,ease,imagine,hour,query,omniscient,zooming,dragon,paying,begging,compressor,result,ceas,cost,parallel,buggy,nintendo,tele,vision,hall,goon,duration,modest,marty,hesitate,compress,though,concession,action,knee,hence,give,hurting,salesman,option
president,think,going,decision,option,clinton,yesterday,today,question,general,talk,made,know,pres,white,believe,secretary,meeting,russian,working,package,continue,plan,group,official,house,well,statement,strategy,brief,issue,russia,forward,whether,last,take,action,force,department,number,laughter,kind,support,answer,report,congres,detail,discussion,economic,agreement,policy,limbaugh,executive,assistance,senior,briefing,office,release,clear,minister,want,american,reform,specific,initiative,position,review,situation,champion,present,applause,consider,term,something,hispanic,mean,leader,republican,week,step,obvious,summer,told,expert,health,saying,progres,important,continuing,panther,look,commitment,comment,jackson,justice,christopher,move,harley,concern,role
george,math,japanese,hearing,interesting,terminal,creating,attitude,perspective,collapse,prime,coprocessor,texture,layer,columbu,nick,rumour,cwru,mapping,veteran,talking,yell,brute,clever,negotiation,matrix,reel,swear,castle,ralph,immunization,wallet,keenan,english,illumination,grind,orig,vest,announcement,democrat,rude,rang,enviroment,weaken,course,impressive,interest,pursuing,illicit,caere,dykstra,world,pitiful,stunt,illustrator,daulton,analyse,bash,coach,well,surviving,tourism,aspect,thanking,daring,relay,yuck,relevant,putting,kludge,office,highway,talk,along,gato,szabo,underarm,feature,plain,emerging,none,field,eric,know,thinkpad,processor,transforming,roomful,asking,tell,like,real,call,good,stupid,perpetrate,sartre,iniquity,timestep,container
point,insurance,plane,distance,observation,position,value,virtual,physic,particle,astro,catalog,form,cover,healthy,selection,voyager,compas,three,equation,reality,sphere,thermal,fish,square,antibiotic,angle,data,circle,constant,beyond,method,move,presentation,require,coordinate,center,astronomer,result,normal,velocity,hidden,exhaust,evolution,liquid,fuse,navy,outlaw,surface,blind,determine,energy,leap,term,statistical,illusion,special,barrier,algorithm,test,rotation,caus,mild,neptune,zero,light,short,arrow,pilot,time,although,ceiling,origin,using,fraction,gsfc,general,centre,horizon,depending,swift,circular,giant,basic,spencer,possible,bizarre,given,approach,hopeful,four,relevance,follow,total,parallel,node,intake,fill,accurate,finite
price,offer,sell,sale,best,radio,cost,keyboard,make,original,item,sony,great,following,jason,diskette,digital,lucifer,charge,generic,component,monochrome,shape,consider,case,ieee,quality,call,reason,boxe,station,good,revision,shack,amplifier,three,weis,store,avail,expensive,detail,offering,nissan,genoa,complete,anywhere,latest,toyota,detach,normal,competitor,save,brighter,nice,dayton,work,button,socialism,style,highest,inside,shorten,purchasing,local,running,like,coliseum,design,ruff,computer,trend,desktop,channel,mating,still,urgent,solid,walkman,project,bitstream,lining,thigh,bisexuality,ramsey,troubling,looking,most,fahrenheit,dusk,ripple,mouse,walt,mitsumi,costing,sound,adcom,touch,whole,house,herb
food,safety,adult,reaction,associate,arizona,virginia,salt,permission,chinese,chair,cook,summarize,monitoring,memorial,excerpt,laboratory,react,director,restaurant,signing,submission,allergic,drill,richmond,avoid,seeming,fixture,impair,ingredient,spokesman,exhibition,permit,pennsylvania,asian,compensation,william,mitre,terminology,lighting,lynn,onur,yalcin,wish,recall,golden,freezing,massachusett,sign,ordinance,connecticut,swallow,oversea,name,traveling,park,select,ruth,adolf,rather,invention,editor,bibliography,jame,agre,history,responsible,society,informative,painting,anyhow,element,provid,appropriate,hall,storage,afterward,educate,minimize,shortest,overwrite,proof,eligible,public,notepad,including,harold,order,addressing,burrow,badge,deborah,place,judgemental,memo,slab,sealing,supposing,wander,reveal
body,circuit,audio,gain,strip,resurrection,genesi,forever,knowledge,capacity,part,analog,soul,frequency,learning,relate,handy,nasb,buddhist,worthy,flesh,columbia,attract,savior,deed,propose,sleeve,manifest,seeking,rain,postage,switch,lifetime,fallen,refute,subject,relay,seal,click,scrap,monkey,emphasize,mature,charging,healing,whole,single,switching,include,hindu,contact,burial,sacrifice,appear,little,noise,appoint,john,bunker,promo,cold,existant,paul,turn,knob,need,sunset,dynamic,cousin,record,first,beginning,build,sacrament,bear,pertaining,sense,endeavour,following,without,await,silent,redemption,wonderful,thin,conversion,liken,sojourn,digi,continue,fulfillment,amplifier,mechanical,incarnation,inch,creator,position,grow,kind,singularity
engine,fuel,ship,suck,trade,ford,hawk,turbo,clos,shift,that,slip,track,twin,drum,seagate,plant,valve,miracle,emission,door,regular,differential,maker,disadvantage,mile,chevy,shelling,empty,alert,arrival,full,camaro,call,ever,sunroof,tolerate,dice,fossil,stall,horsepower,unsafe,succesful,disclaim,rolling,exciting,engineer,rear,handing,race,stag,possessing,theodore,equipment,boarding,mock,thingy,street,close,compliment,hitchhiker,esposito,panic,everybody,notorious,jetta,great,phil,eight,prov,note,hopeful,linesmen,anticipation,closer,yugo,slept,held,dart,concentrate,peak,screeching,soliciting,produce,limit,loose,elicit,alway,recounting,together,ratelle,middleton,heard,real,marche,many,come,long,occasion,free
average,cancer,tech,link,room,statistic,accurate,stolen,johnson,number,marketing,single,ability,worth,adjust,bird,neat,double,hellman,appletalk,furnish,alomar,prevent,vital,russell,desk,bath,preventing,large,dance,call,microwave,soundblaster,summer,dirty,bout,babe,invitation,made,exchange,demon,bedroom,salary,earl,parking,shelter,total,track,important,using,mediocre,kitchen,near,attendee,unusual,closet,downtown,slider,purchasing,diffie,complete,publicity,phil,high,keep,vintage,tragic,nightmare,palmer,order,turn,perform,chop,usual,routine,whitaker,effective,known,colon,today,quality,howard,make,franco,mule,nine,almost,appear,condolence,generate,crunch,garage,stink,finishing,choose,nagging,practical,discussion,magician,making
graphic,location,mirror,formula,incorrect,classe,conductor,essence,trip,nowhere,stephen,reliability,molecular,enterprise,rendering,array,wolf,molecule,artist,shock,borrow,garrett,explorer,lincoln,meal,fortune,snake,accomodation,workshop,bringing,frozen,partial,servicing,interfering,deaf,sharing,portland,interact,found,design,manage,ruler,offence,johnson,mutual,canonical,revealing,workstation,fuse,circle,yemen,city,jeopardy,thirst,panicking,coherence,dataset,reboost,variance,departure,snapp,require,explain,soon,seperate,priori,sirach,later,apocrypha,solenoid,calibrate,catholicism,concentrate,spoil,guid,bearing,adam,start,hunger,till,occult,wine,wait,classy,refering,assasination,hasty,freezer,daisy,still,inaugural,culture,heard,aggregate,drawn,christopher,novel,defendent,protest,bread
military,country,neutral,bomb,countrie,none,civilian,secret,force,iraq,policy,partie,propaganda,breaker,iraqi,mandatory,kuwait,fighting,bombing,relation,first,gulf,arabia,politic,saudi,occupation,dres,campaign,coalition,dispute,egyptian,nation,british,power,settle,hunt,kill,including,kuwaiti,selective,darn,saddam,argentine,invade,regime,case,harsh,potential,atlantic,plaintiff,purpose,terrorist,precise,target,brilliant,peace,conflict,allie,name,circumstance,agree,rule,gripe,necessary,oath,forgotten,thousand,side,villager,degree,bias,oriental,communism,world,intervention,correlate,following,unaware,convention,inhabitant,long,became,innocent,egypt,direct,therefore,agreement,official,east,german,soldier,black,true,conquer,tort,government,regret,west,political,favor
port,modem,serial,auto,manual,advice,motorcycle,semi,automatic,parallel,transmission,catch,spare,internal,doug,buying,vice,queen,racing,shotgun,blew,external,shifting,ashe,dealership,manhattan,brady,verbal,golf,stay,chrysler,sank,standard,away,erik,still,switch,enthusiast,full,rack,bronx,safe,thinking,rationale,bobbe,zephyr,compression,stick,shopper,regression,abrupt,sweeper,tran,folding,paperwork,freeman,cubic,upright,positioning,fellow,grandparent,autograph,insure,brand,queue,durham,check,hardware,convenience,blunt,merchandise,personal,never,friction,sarah,aspect,crazy,love,mean,result,problem,different,denver,pretending,assign,feasibility,montgomery,learn,rutledge,simulate,beemer,europe,making,servo,helping,reconsider,discussing,follow,ferrari,modicum
went,home,told,came,back,start,took,door,time,night,call,later,room,come,away,building,even,next,know,morning,around,going,left,kept,happen,gave,neighbor,heard,look,everything,found,turn,floor,remember,knew,thought,open,right,want,stay,story,hour,beat,friend,hand,walk,another,leave,minute,live,taking,last,crowd,near,first,person,well,never,broke,anymore,take,week,everyone,coming,house,apparent,three,name,standing,sent,somewhere,dead,rumor,woman,watch,still,kill,anywhere,find,outside,sitting,something,head,return,immediate,year,inside,mouth,station,felt,club,seven,made,armor,already,quiet,alone,carter,train,running
thank,please,anyone,know,mail,interest,help,email,looking,advance,information,info,post,send,question,someone,find,appreciate,hello,like,response,call,great,respond,want,anybody,tell,number,suggestion,source,possible,phone,direct,recent,friend,give,avail,experience,selling,much,somewhere,package,contact,answer,group,read,brand,heard,anything,trying,good,kind,date,prefer,found,type,regarding,hotel,order,welcome,purchase,special,following,store,name,person,comment,software,message,area,work,manual,buying,regard,share,asking,capacitor,bounce,made,sorry,solution,include,seen,steve,specific,reservation,sent,vacation,working,includ,deal,getting,microphone,idea,form,ireland,willing,tuning,visa,soon
copy,muslim,shape,serb,custom,bosnia,task,protection,bosnian,choose,convenient,table,capture,serbian,adobe,rotate,serbia,restore,piece,download,side,croat,chosen,yugoslavia,leak,defending,accomplish,solution,overview,tektronix,owen,inferior,europe,embargo,floating,distribute,innovative,trivial,negotiating,help,blurb,balkan,european,louisville,part,decstation,left,largest,requiring,interpreter,ghostscript,chang,indigo,executable,overcome,world,self,apparent,protect,troop,aggression,want,prep,compress,alleviate,call,variety,position,presidency,tribunal,override,predict,release,necessary,turning,fitting,griffin,entire,sequent,amorc,subdirectory,former,zillion,simp,gestapo,amaze,upon,correct,nato,succeed,margaret,include,proposing,assuming,defeat,genocidal,nevada,prevent,sparcstation,keypad
ground,wire,connect,panel,main,connection,house,outlet,camera,film,race,detail,current,metal,gift,separate,perception,place,case,mounting,quoting,path,credit,symbolic,aaron,kong,kodak,hong,finance,back,entrance,flow,common,conditioning,building,expell,three,live,assistant,provide,rental,betrayal,expanding,normal,plea,wise,refer,lloyd,resignation,faceplate,initial,bunch,experimenter,lodge,purpose,millisecond,require,screw,expulsion,psychologist,distribution,general,nikon,angle,mockery,practice,nikkor,mexico,provid,texan,allegorical,earth,article,southampton,journeying,turn,william,hear,enough,local,sure,surf,coffee,stooping,proper,bogey,remember,conferencing,martinez,canion,scuttlebutt,suffocation,organism,vacate,painter,mailbox,finer,methanol,playmaker,tribulation
islamic,group,example,islam,member,practice,cloud,muslim,principle,harm,within,individual,exclusive,immoral,freedom,order,thou,guilty,scale,charge,putting,secular,force,ignorance,expression,reflect,threat,among,preference,respect,affect,falling,bound,acquire,many,influence,true,degree,behind,amongst,known,hammer,found,action,another,allow,superior,potential,denomination,receive,mice,supporting,lewi,indication,civil,discuss,restrict,reus,clarify,dodge,expos,determining,several,effort,world,leader,although,massive,large,knowledge,universal,placebo,studi,social,situation,ethical,blind,lesser,motivation,consider,powerful,rule,improvement,concern,vessel,lethal,serve,implication,emerge,harmful,oort,everyday,integrity,defining,single,steve,indicate,trigger,promote,jumping
book,reference,page,guide,publish,revis,copyright,read,density,introduction,library,campbell,rich,title,manual,impulse,good,edit,configure,programme,reil,number,sanderson,approximate,meme,grasp,following,high,pleas,scanning,acceleration,wesley,moore,searching,rocketry,addison,subject,andersson,packing,easy,richer,grave,sylvain,check,graham,nylander,include,information,bell,parallax,cassel,special,interstellar,kovalev,wordperfect,detail,general,programming,biggest,first,triton,smudge,well,list,weight,tutorial,symantec,atop,rotational,total,amonte,sigma,ratio,zalapski,time,molecular,william,smith,janssen,dandy,turcotte,calculation,sworn,parsec,eeprom,liftoff,norton,gosselin,zubov,touching,summary,give,bidder,luminosity,remind,application,reading,bode,cabletron,relativistic
homosexual,picture,sexual,instruction,orientation,liar,bullshit,alternative,crystal,photo,clayton,lamp,weird,typical,miss,incoming,photography,attendance,crazy,chart,risc,photograph,deviant,elvi,bisexual,show,lunatic,truetype,landscape,geode,kirlian,entire,popup,chronicle,bookstore,align,moron,spout,rickey,lust,sentiment,group,taking,trailer,prostitution,seeing,clear,convex,arguement,number,radiologist,logic,comprise,gather,pride,garvey,cordial,sandy,mean,post,read,advocate,million,authority,howell,friend,around,dominion,harvest,look,every,envy,whole,remember,goat,deduct,slime,drawn,overview,signature,moan,taken,butt,consider,take,puzzling,unseal,forget,lick,large,bounding,knowledge,grep,outlining,ginger,companie,took,interest,allow,city
word,christian,paul,bible,psalm,church,scripture,meaning,tradition,revelation,passage,verse,churche,marriage,biblical,testament,greek,worship,hebrew,marri,read,refer,orthodox,clear,jewish,writing,whoever,male,note,praying,commandment,translation,glory,promise,show,among,part,author,text,apostle,interpret,reference,later,modern,letter,warn,anger,reader,gentile,matt,honor,conservative,time,fellow,roman,practice,study,mention,sabbath,list,english,covenant,arrogance,explicit,scholar,spoken,darren,term,though,promis,congregation,long,issue,lamb,theology,together,reward,first,regard,found,condemnation,rather,keep,commit,apparent,suggest,accept,reading,consider,relationship,century,torture,form,speaking,several,hypothetical,servant,attest,however,ceremonial
american,anti,group,organization,adam,information,francisco,african,bullock,document,police,chain,gerard,damage,collect,helmet,paid,bolt,intelligence,bann,trash,record,bigotry,harvard,scratch,laserwriter,tobacco,official,bruce,impact,angele,including,heading,collecting,office,click,balloon,carcinogenic,charge,violate,according,moto,league,excluding,journalist,name,bent,confidential,begun,substance,nazi,boom,political,gather,arafat,aryan,comment,civil,extremist,unload,fall,sign,semitism,former,pretend,south,defamation,network,operation,dent,radical,hate,investigator,magazine,wing,receiving,member,fought,kept,introducing,disarming,newspaper,inform,vein,nazism,beating,yasser,close,department,deep,fact,least,california,informant,changing,tamper,cooperate,watson,maintain,sandwich
mike,stat,pick,dave,draft,player,michael,scott,colorado,minor,ottawa,batting,league,keith,dean,career,defenseman,alot,hartford,mario,orange,assist,middle,lopez,brett,uiuc,university,franci,spring,pool,wearing,doug,swedish,valu,bill,prospect,homer,olson,guessing,tall,david,stewart,continental,gone,cobb,superstar,season,mcdonald,wood,point,kariya,richardson,junior,thoma,irwin,irony,metallic,alex,simplicity,frank,trad,center,boulder,shine,name,clas,champaign,major,soccer,plate,well,berryhill,toma,recorder,rotation,urbana,preset,tuner,shortstop,raise,debate,bernie,sooner,ranger,individual,kozlov,leader,lofton,admit,term,include,clinton,good,olerud,glance,platoon,notch,therefore,lonestar,drafting
head,somebody,wondering,perfect,slave,cylinder,remark,batter,sector,yassin,factory,mechanic,impress,cent,pursuant,deposit,suffer,safety,wear,bull,mary,deir,live,stack,world,motto,principal,instruct,stacker,open,insisting,irgun,ball,dryden,report,shafer,bomber,warning,explosion,darryl,nasa,blam,conquest,fighter,mossad,extracting,fdisk,blast,tanker,ther,daytona,buse,whether,operation,somewhere,loudspeaker,compression,ditch,busse,irritation,jumper,toast,whichever,unread,real,microsystem,nizam,difficulty,accordance,crack,declaration,moderate,haganah,snack,iomega,apparent,people,nafta,butane,flame,intend,afula,belonging,haemek,mehola,everyone,official,actual,alone,getting,failing,else,tossing,holding,barak,nine,chaplain,thrilling,omega,hopkin
ignore,libertarian,indicator,henrik,charle,reli,concept,myth,sake,forgive,matt,racist,comm,behaviour,perry,prof,reset,philosophy,uart,free,thee,michigan,conviction,baptist,lunch,changing,desperate,hire,existance,idea,crew,describing,qualify,amusing,possibility,limitation,back,knowledge,doubt,shearson,civilization,alabama,organisation,wonder,karma,dealt,philosopher,force,metzger,sarcasm,accept,structure,embrace,admission,natural,regard,credible,eliminating,recognise,resolve,shah,grammar,forth,political,clear,strong,race,avoid,steiner,symposium,theorie,plunder,scrutiny,influence,rest,setting,faulty,bruce,silent,uncritical,repeat,assume,assuming,occur,fundamental,praise,informal,cross,counsel,aware,alright,doubtful,involvement,basing,tenth,fate,allow,manage,correct,pure
water,heat,energy,cheer,temperature,explosive,kent,tower,cool,mercury,plate,soft,river,winter,favorite,nuclear,cooling,masse,grip,dick,glas,degree,passion,sigh,lake,foam,steam,sunday,inside,classical,liturgy,replay,spreading,shock,plant,institut,direct,announcer,recall,origen,imagin,pastor,narrow,gilkey,coal,relativity,produce,lankford,mighty,parish,case,vibration,methodist,harddrive,vapor,internal,boiler,turbine,attending,gravity,jordan,distress,perturbation,third,vacuum,torre,pinch,nicer,touch,summer,whiten,raining,feed,grandfather,drop,spray,coming,purse,liturgical,stock,ambient,feet,foot,difference,power,dent,indicate,snug,daylight,lewi,publicity,environment,eyebrow,oddity,alicea,actual,monumental,condenser,eruption,wyatt
field,apartment,gateway,confirm,defeat,march,correction,equipment,purchas,association,publication,motorola,discount,verify,case,prisoner,respective,evaluate,beast,ensure,delivery,letter,automobile,administer,geographic,service,censorship,trident,identity,receiving,parliament,uniform,manufacture,undoubted,cultural,documentary,nationality,halt,phillip,content,publish,among,comparative,decode,consumer,outright,demonstrate,difficulty,subset,order,open,report,subscriber,provid,national,behalf,needles,australian,succes,submarine,independence,liberation,present,group,broad,theater,fulfill,june,wiretapping,widespread,evaluating,pursuit,bulgaria,hierarchy,appealing,sending,prime,organizer,robotic,attraction,index,popular,ranch,advis,limitation,receive,description,oldest,tearing,bureau,partial,alike,scramble,hall,implement,itar,sever,violation,microcom,glaring
base,ball,pitcher,pitch,pitching,inning,chri,hitter,hitting,crash,runner,catcher,offense,field,staff,forgot,bobby,meat,roger,opposing,better,paradox,single,gate,rookie,fare,notebook,double,smith,relief,count,allah,glove,frank,inject,left,position,weak,three,allow,joystick,personality,caught,high,pick,sign,brush,tick,gone,first,made,accuracy,nope,division,solid,donald,time,score,catch,rule,take,certain,boring,credit,young,clemen,career,well,parity,fourth,jone,though,pile,ryan,deadline,hand,pinch,miss,minimum,affiliation,chance,second,came,make,creative,kingston,believe,hold,threw,surprise,good,last,much,qemm,realize,comparing,prophetic,media,starting,lawrence
kinsey,pain,sick,girl,behavior,stone,party,fill,feeling,hurt,young,husband,wood,honest,cause,brother,calm,emotional,third,comfort,help,nose,excuse,junk,crush,literal,bare,painful,constant,piece,grow,instant,drink,kidney,calling,treat,giving,corrupt,feel,manage,little,seller,choosing,balcony,twice,translate,uncle,stove,disorder,alcohol,wast,best,ezekiel,like,leaving,debating,taking,frequent,worse,first,practicing,meaningful,cooking,even,correspond,rape,break,lack,understood,productive,differ,messenger,aunt,plain,selfish,milk,pointing,garden,avoiding,bigger,prevent,seem,rare,surprise,grandmother,sister,heart,restart,tell,vision,take,coupe,jump,small,recovery,kicking,drunk,managing,instance,heap
drug,condition,asking,sound,excellent,channel,speaker,prevention,stereo,tape,jack,paid,sale,warranty,whenever,system,year,pair,receiver,deck,willing,month,trade,latch,recording,consider,control,watt,seperate,angry,cassette,high,hare,steel,home,volume,brand,encourage,ignition,remote,smok,younger,fewer,cocaine,cigarette,sixth,kennedy,surround,volvo,bust,following,obstacle,eclipse,replying,full,snip,safer,like,lone,marijuana,standard,butler,piece,equipment,polk,dolby,valentine,dual,dare,glue,concurrent,gesture,patriot,feature,waiver,eighth,input,onkyo,alcohol,precaution,left,never,certificate,tiny,legitimacy,donna,tough,side,great,record,anecdote,woodstove,perform,living,wagner,shalala,container,fear,upside,insert
instrument,blow,grade,gold,landing,burn,plac,novell,timer,rush,duty,carrier,carl,emergency,shaft,burning,packaging,pulse,labour,simultaneous,watt,resume,arthur,failure,stamp,hundred,caltech,intensive,rage,teen,workplace,crusade,gasoline,revolution,needing,heating,dozen,junction,mainframe,quicker,arrive,sufficient,disturbing,piece,wheelie,warrior,prescription,approaching,oxymoron,metal,configuring,potassium,accordance,automatic,life,increment,clarke,efficient,crucial,controversy,overturn,circulation,bach,reggie,poison,defender,wary,degenerate,near,lenin,carlo,dissident,zero,glow,tapp,blaze,chain,hoax,ounce,satisfy,foil,possible,internet,airport,infinity,liberate,massive,deceive,specialty,relative,diagram,chlorine,dismay,production,vitality,effort,benzene,wacko,alfa,safe
recommend,operating,opinion,requirement,extend,disclaimer,ready,dept,planning,commander,stealth,mine,ultra,contribute,employer,alan,infect,margin,variety,necessary,deliver,express,importance,fork,strain,insight,assure,advise,exceed,addict,realise,assign,familiar,compliance,facilitate,vladimir,robertson,resistant,tonight,preparing,dividing,high,recognition,entail,effort,tamu,control,council,florida,current,continuing,announce,airborne,office,investigate,establish,inform,aircraft,outta,multimedia,industrie,present,plural,colonial,sepinwall,phas,presence,active,participate,providing,monash,advocate,massey,activation,authorize,regarding,accordance,dear,corrective,monu,restoration,market,affinity,problem,virulent,sought,shenanigan,melido,completion,technologie,buying,using,develop,among,autonomic,observing,avoid,defile,technology,propagandize
printer,print,plot,paper,postscript,laser,colour,symbol,printing,super,sheet,letter,islander,cartridge,baud,coach,isle,deskjet,original,font,word,classic,plotter,quality,bradley,bought,compete,franchise,mexico,oklahoma,matrix,upgrade,packard,carolina,laserjet,toner,upgrading,tray,manual,work,envelope,hewlett,anytime,megabyte,nmsu,selling,advancement,courier,storm,accept,bottom,span,problem,direct,however,beautiful,roland,college,dish,computer,select,month,network,come,need,personal,desperation,either,dreadful,cunningham,desiring,cola,fast,goodbye,single,contacting,rival,muck,montana,onto,sportster,stretch,comeback,cracker,almost,throw,fine,nice,software,built,drum,leverage,chord,giving,mater,pick,coca,including,genie,writer
chip,encryption,phone,clipper,privacy,security,message,algorithm,system,public,escrow,number,secure,block,encrypt,data,patent,secret,standard,scheme,cryptography,random,using,part,call,plaintext,enforcement,decrypt,government,crypt,device,serial,cellular,industry,information,voice,conversation,strong,method,traffic,user,known,warrant,denning,agent,produce,time,provide,session,even,technology,manufacturer,avail,first,easy,protocol,mobile,skipjack,detail,detection,possible,code,search,find,need,perform,example,effective,product,since,technical,without,crack,begin,stream,door,suspect,like,order,make,allow,design,technique,approach,assume,compatible,separate,upcoming,exchange,signature,independent,three,attack,unlock,exist,however,develop,concern,given,disclosure
carry,legal,tool,rock,riding,advertising,illegal,carrying,police,assuming,pack,smoke,conceal,import,friend,knowing,without,watching,twist,cord,technician,abiding,pull,inexpensive,street,resident,lean,membership,crook,thug,convict,vague,allow,realm,prohibiting,production,fatal,braking,thrown,suspend,pleasant,mine,presume,favor,bend,knocking,paranoia,ponder,regulation,wave,chief,buddy,watch,aesthetic,skeptical,robert,clement,spie,reign,whining,solo,pillion,discover,figure,behind,agressive,owner,fallen,modern,kawasaki,throw,charm,hand,officer,held,twisting,solid,stepping,unaware,believe,convince,butt,recollection,drawback,qualcomm,speech,bungee,comrade,mower,thorne,judge,type,dozen,empty,involve,ruling,datafile,convenience,armchair,dylan
input,output,signal,cheap,level,advantage,flat,line,data,measure,finger,older,sender,identical,break,capability,build,control,high,noise,resistor,pant,eliminate,bulletin,single,ordering,design,precision,mixer,built,digital,popular,hungry,simple,boxer,honour,hype,connecting,prompt,enjoy,around,produce,slight,molester,regard,cannon,exiting,pull,impedance,instance,subaru,inde,plain,arithmetic,give,buick,work,guitar,isolation,magic,sloan,putting,mixing,therefore,supplemental,indicating,backbone,separate,rapist,designer,true,eskimo,maynard,particular,direct,equipment,opening,style,faster,cartoon,sending,mask,strobe,grey,driving,vesselin,dutch,insecure,presence,coax,hand,superior,clipboard,balance,railway,prefer,plenty,decoration,newline,according
armenian,turkish,turkey,turk,nazi,muslim,genocide,russian,cipher,government,ottoman,armenia,people,population,german,million,moslem,ethnic,hitler,paragraph,tartar,village,army,world,serdar,first,holocaust,soviet,source,massacre,empire,republic,kurd,europe,history,thousand,wwii,race,slaughter,european,ruin,murder,fascist,germany,today,oscillator,victim,document,leader,officer,nation,erzurum,terrorism,away,anatolia,eastern,land,british,region,historical,political,second,entire,fact,berlin,homeland,cleansing,support,destroy,kurdish,territorial,semitic,movement,crime,road,occupation,independence,following,section,persecution,revisionist,archive,independent,plain,invading,return,page,like,carri,century,well,militant,attempt,upon,dictatorship,anti,exist,modern,follow,hand
card,driver,mode,board,memory,support,chip,fast,diamond,version,music,standard,accelerator,gopher,faster,buffer,vram,vaccine,midi,motherboard,slower,interface,using,allow,local,require,avail,svga,viper,philip,recent,refresh,chipset,dram,performance,work,paradise,nntp,million,limit,orchid,iisi,manufacturer,software,expensive,affect,guerilla,present,manual,disconnect,pseudo,slow,come,hardware,cock,single,true,summary,collin,check,helpful,capacity,main,release,expand,dynamic,free,final,proper,provide,refreshing,access,serve,feedback,report,welcom,known,future,note,lyric,info,writing,look,high,view,many,question,protect,maxima,implement,combin,since,discoverie,share,trigger,conflict,active,otherwise,recognize,fixe
bike,road,side,mile,left,ride,back,tire,right,turn,gear,brake,zone,hand,corner,first,rider,front,strike,traffic,weight,behind,feet,highway,honda,light,shoulder,truck,tight,around,helmet,keep,slow,look,lane,fast,much,open,boost,pull,tank,foot,time,take,head,stop,sport,uniform,driving,cover,area,well,girlfriend,dirt,check,high,move,work,wind,comfort,throttle,near,street,change,limit,carb,running,bench,starting,half,heavy,short,feel,keeping,stroke,normal,swing,park,shift,toward,stand,size,pound,relax,lemon,gonna,roll,nice,stance,sand,refrain,easy,staying,forth,rode,jump,enough,push,smooth,close
model,atom,contrast,adaptec,issuing,alternate,extract,includ,cdrom,struck,hint,console,lady,bulb,trademark,childhood,gibson,scatter,passe,tune,shooting,neil,partition,gras,turner,employ,wealth,collect,name,several,optimal,surrounding,paint,globe,represent,denizen,cloth,misfortune,type,nifty,electronical,constructive,owner,flow,wreck,plague,chapel,steep,reside,propoganda,observe,chevrolet,veil,spur,slug,serpent,flowing,defendant,hill,decipher,intermediate,apparition,anatol,dyer,remove,thereby,mickey,conditional,gaussian,stuart,consistency,arbitration,spark,reality,newest,salem,stern,spring,hurl,steve,valley,world,geometric,balk,repeat,drop,imagine,overdrive,cheating,warring,borne,suspicious,sympathetic,demand,glowing,proprietary,catherine,together,unchanging,shudder
owner,hate,yeah,flame,stupid,seat,damn,driving,injury,idiot,passenger,penalty,clue,rochester,driven,caught,contract,biker,tough,torque,pick,fold,supposed,little,throwing,clas,knee,improve,terrible,live,definite,cruel,vehicle,wear,mileage,scream,whaler,small,ditto,toyota,cool,expensive,clause,humor,cutting,drove,gonna,mazda,look,motorcycle,squid,deal,piece,sign,hell,like,weather,civic,punishment,position,committing,hating,multi,spelling,consumer,entertaining,nick,negotiate,bought,keeper,helmet,lousy,spell,every,ford,stiff,spend,automatic,attitude,clean,strong,veto,oppose,escort,smear,vary,report,sentence,interior,agreeing,ride,drop,consistent,favor,motorcyclist,shake,much,snow,leaving,enough
program,year,research,work,conference,center,project,school,education,young,money,fund,college,cost,support,billion,committee,people,effort,summer,organization,state,community,private,national,future,april,million,registration,scientist,country,american,student,part,world,labor,material,opportunity,training,science,university,skill,include,together,meeting,important,high,spent,held,washington,naval,budget,building,present,development,funding,government,basic,learn,investment,area,need,industry,long,week,term,america,dollar,provide,tour,challenge,teacher,meet,experience,economy,learning,participant,sponsor,working,course,information,annual,educational,goaltender,statu,attend,develop,objective,goal,hour,sector,financial,first,generation,foundation,session,four,additional,weekend,service
problem,scsi,machine,work,install,device,system,controller,hardware,data,switch,transfer,software,wiring,simm,boot,jumper,setting,using,connector,setup,computer,fine,interrupt,help,connect,type,control,bought,running,logo,quadra,solution,second,port,different,config,standard,installing,solve,wide,another,time,fast,quantum,startup,proper,attach,western,clone,external,however,board,allow,cannot,correct,number,delete,require,temp,multi,connection,esdi,possible,high,since,speed,working,error,wanting,main,select,memory,cause,socket,changing,note,either,hang,case,read,first,byte,sound,option,three,solv,chain,following,normal,rate,single,track,load,display,although,special,know,everything,trouble
file,section,code,character,entry,string,line,name,byte,register,check,date,text,read,directory,following,rule,size,information,number,char,special,change,readme,source,write,case,command,provid,open,count,define,ascii,notice,output,place,copyright,stream,follow,content,long,sure,containing,time,send,current,year,lawful,need,cannot,batch,example,given,email,please,contain,require,compile,comment,note,detail,depending,form,found,receive,asshole,fishing,writing,purpose,usage,header,proces,includ,multiple,type,acquisition,flag,space,session,avoid,limit,mode,hereby,value,judge,guideline,exist,include,windowing,select,printf,submit,obtain,improper,done,statu,look,remain,explicit,typical
health,medical,patient,doctor,treatment,risk,effect,case,care,medicine,brain,animal,problem,cause,blood,procedure,hospital,human,report,normal,volume,person,physician,test,women,research,trial,diet,clinical,substance,among,month,eating,causing,effective,symptom,help,year,result,treat,factor,genetic,week,study,skin,gene,food,therapy,heart,cure,succes,severe,using,concern,area,birth,practice,polish,response,number,finding,common,significant,similar,smoking,side,scientific,sugar,found,provide,type,specific,nail,researcher,alternative,natural,many,organism,page,needle,literature,develop,group,since,approach,recent,affect,without,self,biological,caus,treating,consistent,known,control,handheld,information,recommend,primary,benefit
right,private,people,state,trust,public,keep,well,amendment,bear,militia,constitution,exercise,restraint,second,ticket,free,defend,nobody,flaw,control,government,protect,expert,scope,necessary,liberty,cryptosystem,govt,equal,morgan,anonymity,freedom,part,hamilton,force,every,failing,ciphertext,paper,letter,break,belong,security,read,reward,example,domestic,condition,individual,brad,author,saab,mean,meaning,breaking,first,jefferson,grant,legal,american,word,select,occurrence,jail,patrol,guarantee,coward,cyberspace,excessive,regarding,traffic,prove,entire,politic,intend,style,attempt,association,smuggling,phrase,secure,enforce,give,speeding,hack,radiator,maintain,written,whatever,exact,article,exchange,make,basic,geico,chopp,account,procedure,tyranny
article,issue,magazine,dream,belt,review,journal,canon,technical,scanner,copy,eisa,crypto,handling,galaxy,quality,proceeding,print,transport,price,benchmark,come,tutorial,repost,promotion,timing,annual,robin,carrie,hercule,doom,publish,paper,unknown,coast,list,publication,ninja,gold,reprint,serie,redirect,left,sega,cargo,andrea,followup,regular,last,batman,turtle,graphite,armory,bearing,purchase,identical,meet,collector,week,baden,conference,look,high,inspiration,loki,world,otherwise,integra,dove,seal,like,group,shatter,seek,anniversary,bison,jeremy,johnny,heavy,undergoing,steel,deluxe,special,worrying,double,sold,choice,email,laurel,windshield,shown,beside,send,hand,epstein,wonder,another,newer,official,give
reading,text,sleep,indiana,cica,plenty,elsewhere,chronic,netter,helpful,active,compare,tongue,existing,seizure,belong,ordinary,garage,intercourse,difference,useful,referring,hall,neither,smart,literature,found,wise,commentary,merit,variant,dislike,spent,criteria,copying,martin,tendency,addition,good,convertible,general,best,roof,laying,complaint,bumper,modification,oregon,corn,rutger,voluntary,cheapest,busy,blocking,discussion,examining,reader,designation,approx,walter,huge,triumph,nutritional,purpose,shorter,authentic,identifying,often,standard,prolong,extreme,genuine,imagine,bring,sometime,recent,intend,many,excellent,alaska,textbook,naive,comment,napoleon,lehigh,thru,assessment,major,contain,english,rather,wooden,chrome,perceive,raving,portland,essay,carleton,however,griffey
canada,germany,april,double,france,norway,scan,german,grand,switzerland,sweden,japan,north,russia,championship,bigger,finland,isbn,world,insulation,preparation,republic,preaching,czech,praise,repentance,bone,pole,cheat,austria,pasadena,dock,monday,rebound,munich,forward,boycott,travel,queer,bronze,damnation,preacher,dreaming,oncologist,poland,luna,group,britain,complet,fulfillment,final,semifinal,prepare,medal,promising,bubble,deuteronomy,candy,slice,isaiah,llnl,flexibility,roman,moment,standing,kingdom,colonie,shadow,flexing,pertinent,bury,exploring,dortmund,perform,iceland,quarterfinal,america,advis,whoa,antarctic,become,bride,aerobraking,inerrant,relegation,apostolic,rebuking,closet,joerg,blissful,game,stoning,implementing,retreating,playoff,mantle,nailing,totem,authenticity,rest
event,suppose,glad,expand,talent,prediction,monday,multi,fifth,radio,impossible,operate,amateur,expose,continue,exposure,surprising,starter,tale,broadcast,pushing,happening,fourth,protecting,clothing,bullpen,call,design,apparent,handbook,stadium,wale,reduction,recover,royal,peer,neighborhood,raise,africa,seventh,mapp,pioneer,arrange,closing,construct,pardon,predict,taking,investor,shea,essential,blaming,none,sight,paraphrase,crawl,rise,suspicion,john,canyon,elijah,conference,fate,accessible,venture,representing,implementing,concern,handler,strawberry,structure,made,bridge,receiver,encrypting,begin,travelling,arising,dignity,slack,acronym,holding,popular,garbage,debri,combin,station,mcrae,forty,hail,gave,arrl,victory,prozac,freenet,providing,visitor,lake,forcing,western
unit,chip,shipping,value,sold,installation,includ,built,working,length,size,include,digest,remote,santa,boxe,operation,work,buyer,silicon,hold,small,tone,together,hash,additional,candidate,pocket,session,programm,decryption,design,signature,either,digital,load,similar,original,laptop,item,interior,full,medium,depending,address,order,following,grateful,manual,cash,compute,total,shipp,sent,flash,outside,telecom,large,strap,unknown,zoom,exterior,description,albert,note,knowledge,receiver,part,scheme,cleaner,take,first,desir,compartment,raymond,line,dimension,standard,spray,check,overlap,four,contain,backlit,special,addressing,cruz,sorry,goldberg,number,partial,send,accelerating,modulation,back,payment,second,store,postage,ammo
version,language,routine,written,band,edition,translation,loop,include,wave,noise,type,beta,contain,phase,stuff,patch,pascal,keyword,different,comment,function,includ,segment,quick,marc,pink,style,integer,including,spectrum,paste,listserv,main,compiler,feedback,intensity,netcom,solari,bandwidth,fitting,octave,work,fame,source,logitech,mcgill,arabic,frequency,wide,attach,density,berkeley,using,containing,apollo,infinite,excel,familiar,inside,circuitry,tracer,boundary,volume,artillery,vision,framework,call,full,editing,flower,complete,limiting,instruction,incomplete,invite,constant,optimization,word,rich,line,wierd,forth,fill,princeton,gregory,drop,dependent,shrink,necessity,removing,analyzer,random,bold,lewi,hierarchical,audio,obtain,vari,encounter
physical,natural,tree,motion,burst,explanation,gamma,capital,source,defect,weather,sperm,robert,distribution,disaster,dimension,surprise,construct,fantasy,pool,primitive,radiation,bure,denni,element,resort,alleged,anti,canal,richard,transform,nanao,alexander,passing,waste,fedorov,relative,sergei,dewey,teemu,radioactive,portrait,inde,nature,vincent,hurricane,bitch,spill,near,earthquake,flaming,open,population,cope,mini,pavel,phil,path,dying,arch,advance,phenomena,johansson,still,property,quark,total,beyond,three,const,fall,dumping,catastrophic,especial,sprint,humankind,khmylev,yuri,induction,circumstance,weird,johnson,shaw,toxic,peni,beach,passionate,existing,xian,newborn,evolution,analyze,nuclear,occurring,elastic,vibrational,publisher,imagine,thingie,consult
system,test,performance,market,cost,clock,higher,upgrade,rate,cheaper,difference,faster,feature,product,cache,processor,number,increase,better,result,high,much,intel,dale,testing,speed,dual,significant,equivalent,subsequent,architecture,reduce,factor,denver,current,optional,smaller,internal,older,without,maintenance,state,comparison,machine,improv,customer,clone,vendor,avail,rating,choice,overall,larger,rebuild,fast,according,fastest,cannot,replace,consider,running,interval,version,purchase,made,line,reboot,third,motorola,grabber,option,greater,come,nixon,benefit,companie,premium,somalia,report,value,varie,serie,procedure,upon,expect,provide,folder,additional,reset,note,major,general,using,compare,four,mach,voucher,small,include,usage
period,myer,shot,leaf,wing,vancouver,steve,division,brian,play,goal,king,detroit,shark,save,power,flyer,kevin,blue,scoring,jeff,gary,lead,winnipeg,calgary,rick,flame,wayne,toronto,patrick,mark,john,second,lemieux,first,edmonton,oiler,randy,canuck,tampa,gilmour,maple,chicago,adam,jose,murray,loui,peter,gretzky,scorer,eric,third,buffalo,hunter,paul,murphy,hull,thoma,soderstrom,roger,smith,robert,andrew,miller,brown,ranger,final,joseph,geoff,point,rushdie,steven,powerplay,martin,davi,selanne,sabre,emerson,craig,wilson,doug,blackhawk,sunday,greg,potvin,young,philadelphia,took,tocchet,recchi,chri,angele,forward,serie,playoff,anderson,exempt,yzerman,star,danny
evidence,exist,atheist,argument,belief,believe,atheism,universe,existence,true,claim,reason,religion,statement,objective,faith,proof,prove,science,false,truth,found,system,logical,explain,theist,conclusion,assumption,thing,nothing,rational,theism,authority,cannot,knife,therefore,strong,something,premise,information,heterosexual,example,many,cause,definition,conclude,wrong,sentence,contain,assertion,logic,meaning,present,often,show,analogy,deletion,agree,general,rather,assume,assert,demonstrate,subjective,contradict,believing,effect,first,favour,vatican,matter,jurisdiction,sense,argue,lack,possible,provide,saying,require,mean,dogma,believer,please,creat,fallacy,even,explanation,irrational,accept,self,creation,form,consequence,scientist,hold,weak,particular,come,value,subject
program,error,function,build,echo,return,include,author,shell,fail,null,clas,shar,exit,info,define,warning,void,else,larry,value,static,write,first,sticker,destroy,make,following,test,data,ansi,save,variable,vari,column,determine,baby,read,true,yard,enter,built,start,type,request,fatal,compliant,false,main,length,trie,performing,problem,integral,number,argument,forming,perform,attempt,short,buffer,depend,prog,proces,sample,pause,allow,erase,written,code,jumbo,definition,struct,execute,prior,link,examine,routine,winner,state,initialize,missing,duplex,area,writing,lilley,existent,independant,host,event,dropping,aggressor,random,destroying,interpreting,typical,registry,several,hawaii,printf
theory,hole,material,half,light,star,thread,small,matter,generate,dark,einstein,dust,adapt,known,mechanism,single,practical,combination,sampling,beam,handl,stuck,turning,calculation,idle,diagram,design,triple,structure,core,explain,overhead,second,result,larger,complete,producing,theoretical,plausible,close,actual,formation,discover,pull,much,efficient,place,large,redraw,direction,fake,killer,electron,impact,background,random,along,physicist,apologie,equivalent,blown,clear,viking,type,puzzle,filling,separate,finding,intersection,wider,enough,measuring,calculate,periodical,firing,ariane,including,develop,shame,size,degree,primary,force,release,away,factor,smaller,persistent,distance,versa,active,like,usual,three,slightest,possible,near,manner,whatsoever
black,white,color,blue,green,push,surveillance,possess,atari,leaving,reagan,vision,horror,start,init,contour,leading,terry,brown,powder,jump,saver,simon,continual,marine,memoir,index,yamaha,indian,afford,fender,pair,basketball,serve,viking,highlight,fixing,beneath,structural,quantity,kenneth,serv,finn,fiber,kentucky,range,pricing,except,glas,lightning,little,trim,stripe,anal,epoxy,speedy,strange,rifle,gent,perfection,ryan,route,ranging,hill,kitchen,diverse,accomodate,solder,patterson,chain,courage,call,bate,buzz,springer,roar,wimp,encounter,boring,nova,bursting,slain,proportion,king,almost,persist,gabriel,band,upto,spectrum,section,feature,glove,merrill,ramsden,scrolling,looting,branch,minimum,propensity
power,extra,light,supp,battery,detector,voltage,clean,radar,repair,remove,logic,using,part,expensive,problem,lead,shop,current,drop,high,protein,short,kick,newer,sensor,back,batterie,case,detect,removing,design,step,label,kinda,meter,cost,blah,relative,electronic,mustang,common,like,grounding,storage,tension,minimal,apart,annoying,discharge,enough,drain,place,steal,lower,sect,manufacturer,trunk,found,balance,throw,turn,higher,source,time,dull,much,range,quick,require,replacing,pinout,self,limit,often,small,sensitive,stuff,acid,work,gotta,around,normal,netcom,cheap,take,dead,metal,spot,consumption,fine,store,feustel,trip,easy,onto,reinstall,bare,free,industry
cover,appear,title,comic,wolverine,silver,filename,origin,alien,hulk,grey,appearance,rose,concrete,incredible,amazing,miller,ghost,mini,force,sign,sabretooth,serie,alpha,liefeld,annual,trek,gauge,mint,rider,star,poster,mutant,chromium,bagg,spider,marvel,generation,intro,special,hobgoblin,green,adventure,card,legend,black,dark,free,shipping,smith,first,punisher,begin,book,simpson,present,ephesian,story,avenger,pledge,next,omega,shielding,decimal,issue,fantastic,thousand,factor,thor,examiner,digit,lobo,captain,charger,keown,batman,superman,guardian,fist,large,dialing,sold,archer,frank,near,mcfarlane,arriving,decay,surfer,flight,animal,following,america,condition,power,weapon,allegiance,edition,iron,thing
people,religion,life,christian,human,live,many,person,moral,other,even,right,make,accept,view,society,believe,world,think,christianity,sense,point,different,mind,personal,nature,belief,action,truth,certain,know,group,thing,rule,like,consider,feel,morality,good,mean,self,opinion,living,much,become,want,wrong,come,free,never,everyone,choice,movement,fact,matter,respect,without,reason,desire,word,experience,seem,trying,important,history,example,liberal,part,thought,value,satan,purpose,evil,idea,nothing,clear,particular,feeling,follower,choose,intellectual,form,reality,find,share,being,take,love,often,community,upon,perfect,behavior,every,sort,outside,however,natural,understand,inde
application,font,widget,motif,call,subject,bell,captain,look,trad,button,text,vendor,toolkit,bitmap,character,open,example,powerbook,simulation,demo,xlib,duck,name,code,developer,interview,editor,later,anthony,order,athena,episode,drawing,first,current,note,came,toss,chuck,reston,postscript,localtalk,actual,single,already,exceptional,bristol,give,deluxe,another,support,function,make,indicate,nada,classe,earlier,brigham,ontario,sorta,port,avail,mention,former,instance,show,shook,free,draw,feel,blvd,existing,true,compose,using,hypertext,recent,misc,strip,found,sensitive,marketplace,sarcastic,style,among,socket,drag,jone,ericsson,part,teenage,availability,suite,cannot,standard,abbreviation,abstinence,announcement,heinlein
user,software,system,support,unix,server,package,include,tool,version,avail,code,source,program,interface,export,feature,using,provide,release,database,programming,library,visual,machine,platform,extension,client,remote,public,application,many,information,allow,programmer,domain,protocol,distribution,including,macintosh,function,manual,terminal,host,multiple,environment,control,line,interactive,linux,sequence,micro,plotting,standard,free,complete,enhancement,list,curse,multi,graphical,implement,network,method,resource,license,note,easy,help,type,packet,commercial,guide,fortran,simple,next,like,basic,sparc,specific,language,addition,local,written,level,password,call,product,email,site,virtual,part,operation,running,toolkit,command,area,digital,current,management
face,mark,wall,cros,european,okay,canadian,screw,percentage,prize,flow,picking,loose,diameter,provider,allocation,magic,dear,opportunity,craig,ratio,case,stronger,dash,vacuum,american,cypherpunk,todd,vent,clearing,survivor,unknown,beforehand,heater,thrill,insertion,debug,large,augustine,panic,demolish,half,america,rule,breathing,inside,worldwide,outside,winter,sorry,figure,lantern,divisional,trapp,resent,bettman,propagation,miss,cosmetic,come,clear,hoping,simulator,ample,columnist,ranking,destroy,feet,close,mean,number,immediate,contact,geographical,stockpile,unlike,fringe,reader,chill,total,tend,write,belong,tubing,doubt,sensitivity,irrelevant,stark,actor,bure,watch,influence,identify,euro,protect,pool,owner,inefficient,sloppy,fiery
computer,service,technology,information,company,electronic,data,product,national,design,network,telephone,internet,development,commercial,newsletter,companie,develop,institute,device,corporation,university,software,office,application,avail,computing,standard,technologie,management,engineer,andrew,technical,division,professional,research,phone,transfer,corp,system,engineering,including,compuserve,department,serie,hardware,board,current,write,science,public,equipment,voice,digital,mail,program,number,busines,provide,interest,paper,contract,user,street,developing,high,single,hacker,following,media,market,order,california,billboard,transaction,boeing,allow,note,impact,review,general,editor,association,educational,local,volume,abstract,contact,similar,several,using,organization,workshop,employee,foundation,beach,assist,cart,purchase,separate
question,point,answer,claim,whether,fact,mean,case,post,certain,discussion,however,clear,statement,example,reason,issue,part,since,response,read,given,made,think,different,term,view,seem,situation,agree,well,context,argument,original,find,cannot,many,make,least,absolute,possible,true,course,general,matter,inde,without,correct,simp,position,understand,mere,even,know,conclusion,quite,particular,rather,believe,human,complete,consider,problem,either,knowledge,scientific,posting,suggest,appear,article,time,another,sense,anything,nature,subject,disagree,word,follow,often,though,idea,definition,support,result,fail,real,feel,purpose,first,impossible,interest,attempt,entire,assume,source,equal,similar,relevant,mind
israel,israeli,arab,jewish,palestinian,peace,land,right,west,state,palestine,gaza,human,zionist,part,village,interference,east,syria,allow,claim,return,resistance,settlement,powerpc,egypt,fact,racism,begin,anti,giving,citizen,civil,middle,leave,proposition,conflict,country,racial,jordan,security,attack,force,nation,true,coffee,presence,asserting,many,divide,confident,world,area,harmony,distort,population,political,live,intention,control,action,accept,approve,give,cement,locking,countrie,mandate,concerning,continue,since,settler,waving,subject,struggling,reality,agreement,recognize,side,final,freedom,people,stem,held,partie,form,prison,self,compare,however,position,agree,support,full,call,violation,democratic,home,hope,wish
children,greek,child,parent,greece,wife,mother,espn,infant,coverage,born,seal,western,birth,island,nine,crying,turkish,sweet,pregnancy,women,smell,bathroom,show,toilet,bastard,home,medication,live,relating,cypriot,chicken,savage,humanist,woman,member,serving,whose,bedroom,living,couple,house,brutal,shown,quarter,reflecting,marriage,continue,contract,turkiye,following,outside,murdering,visit,detention,supper,article,major,turk,regain,sole,luther,treatment,asthma,voice,dining,steroid,murder,outfield,lost,madden,hospital,alou,mentality,never,contingent,spar,mourning,topical,broke,barbarism,sent,conduct,took,three,december,annex,walk,area,tagg,great,pass,invasion,date,agreement,hopeful,whatever,heard,start,bath
window,display,file,using,program,mouse,running,screen,manager,problem,microsoft,server,application,work,client,network,resource,load,memory,help,command,default,pointer,start,version,desktop,install,menu,thank,icon,message,change,space,want,create,button,workstation,time,like,system,hostname,appear,root,swap,working,path,however,dialog,normal,open,callback,machine,suggestion,environment,fine,parameter,latest,following,setting,option,found,user,document,move,instead,quit,correct,setup,feature,directory,select,suno,edit,since,virtual,shell,word,seem,make,without,find,background,need,specify,show,question,different,size,copy,example,installation,type,within,proper,error,several,unix,handle,monochrome,give
state,report,year,unit,south,area,april,number,american,percent,national,america,time,minority,public,march,among,york,member,iran,center,city,north,former,washington,nation,found,according,island,month,western,camp,local,last,california,million,three,visit,mountain,recent,august,december,division,account,call,southern,youth,union,january,culture,first,october,central,population,became,soviet,thousand,four,sunday,official,become,department,many,however,february,since,elect,well,world,minister,remain,november,near,border,establish,countrie,cover,hotel,despite,five,week,although,past,west,large,fact,late,sign,offer,following,september,group,thursday,europe,almost,commission,addition,territory,prince,recipient
year,player,season,last,play,league,playing,baseball,good,record,team,best,defensive,major,number,better,past,still,recall,bond,offensive,total,park,next,spot,average,ticket,phil,time,defense,five,walk,three,losing,behind,william,point,football,couple,regular,level,contribution,start,expansion,four,performance,future,although,since,yank,minor,clark,overall,many,first,barry,winning,alway,goverment,manager,credit,factor,eventual,giving,least,professional,close,another,expect,high,awesome,back,anderson,think,look,consistent,great,around,henderson,thoma,shot,larkin,every,well,short,quick,rotor,history,left,impressive,predict,tonight,much,name,ever,retract,sandberg,near,spring,repeat
government,state,court,federal,public,citizen,license,right,congres,order,house,protect,police,american,enforcement,bush,case,issue,legal,property,attorney,wiretap,political,proposal,consider,busines,private,lawyer,bill,person,legitimate,agency,vote,action,general,justice,policy,trial,prohibit,prevent,senate,crypto,security,power,purpose,economic,authority,individual,legislation,clinton,violation,election,country,effective,fact,amendment,support,interest,national,people,income,crime,control,criminal,permit,pass,judge,senator,certain,party,record,official,safe,stat,personal,responsible,require,illegal,officer,without,objection,conversation,cannot,ammunition,mean,protection,unit,freedom,local,defense,obtain,automatic,affair,allow,majority,hostage,rule,arrest,call,constitution
cell,limit,chemical,electrical,technique,range,type,lower,visible,experiment,field,replacement,bright,amount,pound,australia,engineering,tony,upper,fraud,yellow,measurement,split,higher,wagon,interleave,shap,department,part,portion,promote,disappear,solid,mold,zealand,trail,university,thumb,small,flip,lesson,suggesting,hoping,conventional,became,fielding,marker,monster,fuzzy,diagnose,detecting,ideal,unlike,joint,taught,consumer,detail,strength,light,left,diode,thankful,psychology,extreme,ideology,phenomenon,profession,environment,actual,nutrition,realtime,proponent,nearby,suspect,reli,middle,large,evaluation,allocate,victoria,bottom,looking,researcher,claim,coincidence,second,altering,example,existing,recent,intend,camping,couple,massive,posture,time,gunner,diary,fair,caus
image,format,file,color,jpeg,processing,data,program,display,pixel,graphic,version,software,avail,free,convert,tiff,viewer,full,quality,standard,read,amiga,size,tool,conversion,graph,package,picture,many,filter,current,imaging,animation,hardware,text,view,shareware,scale,number,compression,support,manipulation,perform,archive,original,system,arbitrary,write,note,line,find,algorithm,site,edge,detail,real,section,different,code,well,interactive,video,editing,viewing,high,source,raster,better,work,user,large,setting,look,palette,mirror,value,converter,byte,using,time,compress,much,arithmetic,photoshop,resolution,module,stor,type,converting,without,save,even,require,gray,small,digital,information,step,result
bill,handle,ethernet,direction,dollar,buck,order,update,vector,roll,saving,wright,clip,inner,dealing,invent,fuck,overwhelming,enact,money,italian,either,wasting,opposite,item,variation,attempting,counting,moving,distributing,accord,wake,point,mark,forcing,bang,pathetic,number,shade,advertise,spend,backing,plain,tranny,back,occuring,cooperative,appointment,higher,immediate,notify,multitasking,normal,active,weaponry,ahem,three,grayscale,walking,bandwidth,delusion,forgiving,whistle,deep,amazing,thousand,check,botch,pushbutton,reformation,happy,gregg,cultist,trickle,week,quickdraw,sola,assign,numeric,particular,daylight,operate,manage,sixteen,thrive,ought,manufacturer,vulgar,wish,close,scriptura,passe,pentagon,chevron,geom,change,stool,videotape,give,call
jesu,christ,lord,bible,love,father,spirit,prayer,faith,hell,christian,heaven,eternal,pray,earth,death,come,life,doctrine,kingdom,mary,believe,john,prophet,grace,name,heart,scripture,gospel,true,speak,call,made,judgement,salvation,angel,power,soul,cannot,judge,reject,thing,sword,disciple,order,truth,teaching,sinner,upon,evil,every,punishment,message,divine,unto,peace,spiritual,roman,christianity,world,know,prophecy,fact,creator,spoke,false,follow,bring,gift,become,hand,word,command,verse,luke,mean,dead,spanish,many,coming,miracle,therefore,without,time,even,first,knowing,never,woman,following,whose,messiah,bless,place,creat,given,give,saying,belief,church
school,student,library,male,survey,storie,brother,dont,partner,successful,cramer,rome,cage,binding,curve,report,registration,wrap,spread,muhammad,somewhat,paper,median,leaning,original,teach,reflection,dunno,lecture,jerome,discard,bronco,scroll,incident,pulling,scholar,includ,inclination,fairing,scholarship,beneficial,grad,present,lacking,hence,manti,occur,mufti,racer,septuagint,purport,biography,sedan,alexandria,manuscript,stating,brit,piece,bushing,supervisor,part,proof,aftermarket,swollen,dbase,mood,interesting,show,substantiate,article,audience,converse,actual,prompt,sear,wrote,skew,high,headlight,among,cheek,perpetual,contain,animator,quite,ding,reluctant,freshman,padding,forehead,catagory,chin,provid,elbow,autodesk,ahmadi,biology,assualt,anselm,ontological
avail,object,site,contact,data,archive,internet,email,description,information,system,directory,computer,online,center,university,scientific,linear,mail,search,ohio,source,resource,contain,research,author,phone,academic,suite,uunet,magnetic,info,science,number,nasa,volume,part,binary,archie,david,include,bitnet,uucp,code,collection,index,find,paper,generator,call,imagine,listing,telnet,triangle,utah,operator,dimensional,material,eric,robert,general,subscription,handbook,greg,structure,global,send,automat,ncsa,surface,charge,geometry,australia,wilson,many,extensive,maurice,marshall,frequent,place,service,wisc,outline,state,variety,caching,describe,body,latest,jonathan,michael,institution,uiuc,chemistry,proportional,most,workstation,short,dist,laboratory
region,stage,profit,british,till,lift,contest,revenue,drag,launcher,nuclear,aircraft,modify,hmmm,immune,defence,magnitude,leadership,britain,indirect,demand,force,match,altitude,mann,year,missile,removal,insist,built,plan,achieve,construction,tribe,precedent,site,land,intend,applying,quot,isdn,skip,confirmation,leader,substantial,joint,quran,enhance,reported,eaten,assemble,launching,order,economical,necessary,moscow,enclave,rocket,compact,common,pyramid,russian,consumable,resign,weigh,allen,centaur,strategic,delivering,highest,flown,capsule,stability,jane,equipment,intruder,great,incentive,agency,collect,power,within,flatter,precise,recourse,hadith,piece,defense,cheaper,harbor,follow,strong,appall,given,developing,visit,popping,lumber,trinitron,irish
line,current,problem,simple,draw,convert,using,anybody,area,help,luck,paint,missing,maximum,impression,method,pipe,drawing,trick,subject,find,spec,program,shareware,dump,grab,latest,trace,create,converter,code,utility,found,volt,insert,point,looking,biggest,polygon,nice,thru,produce,trying,load,turn,bloody,edge,smiley,good,know,cleaning,nasty,high,idea,desir,schematic,great,exception,anyone,seem,type,jerry,useful,test,seen,rust,adding,work,freeware,route,metal,like,gotten,without,another,blowing,everybody,newbie,conclusive,prefer,onto,giving,slap,drawn,show,clamp,purdue,transmitting,safe,essential,crash,impressive,read,noise,store,warning,header,tesla,simmon,uncommon
fire,koresh,agent,batf,compound,tank,waco,davidian,cult,warrant,claim,children,start,branch,raid,government,shot,evidence,place,grenade,reno,building,tear,kill,death,search,first,show,assault,weapon,david,officer,inside,tactic,attempt,made,member,initial,arrest,knock,suicide,illegal,police,report,terror,murder,blame,happen,action,withdraw,situation,people,outside,believe,shooting,surrender,paranoid,serve,fanatic,realistic,sheriff,janet,suspect,burn,pres,charge,attacking,transmitter,house,media,flame,began,found,leader,bureau,clinton,shoot,patience,come,battle,federal,dying,talk,deciding,evil,threaten,unwilling,siege,excuse,jeep,innocent,child,luxury,door,proof,statement,stand,cover,department,gone
front,wheel,plug,edge,rear,clutch,ring,vehicle,plastic,good,mount,straight,sink,reverse,motor,slight,winner,replace,fair,rough,cable,part,excellent,snow,disc,four,inside,spherical,rubber,slide,suspension,look,mechanical,forward,controlling,bottle,replacement,beer,steering,optical,outbreak,piece,lock,careful,side,dominant,counter,match,skill,misuse,effect,well,within,contact,competent,tiny,control,boat,putting,ribbon,usual,surface,thorough,ahead,punch,simple,spring,onto,mitchell,load,selling,luck,holder,epson,manual,pose,still,matching,choke,resize,indicate,sabo,like,size,combination,digit,typo,along,experience,particular,although,standard,slant,style,form,approximate,correlation,idaho,mechanism,production
weapon,firearm,crime,criminal,death,control,self,media,violent,defense,kill,handgun,accident,person,murder,funny,safety,commit,assault,mean,rifle,violence,nuclear,dead,civil,risk,shoot,killing,statistic,shot,wash,ownership,carri,cause,suicide,riot,collision,england,letting,poll,case,effect,possession,misleading,people,number,accidental,sharp,fail,reactor,type,politician,owner,semi,prov,ending,like,higher,measure,high,fact,household,hand,prevent,using,rate,repeating,compos,gerald,rising,action,decline,politic,imprison,many,majority,manufacture,overlook,citizen,gonzalez,reason,population,point,tricky,punish,dictator,infield,minu,mythology,include,training,without,intent,destruction,attention,ninth,design,abus,drift,despite
like,think,know,thing,time,real,people,want,good,well,make,much,even,something,seem,sure,work,take,look,going,still,many,come,since,back,never,better,tell,anything,someone,actual,problem,little,give,around,maybe,right,done,enough,reason,long,mean,anyone,first,though,find,happen,pretty,thought,idea,least,seen,getting,course,point,believe,keep,another,remember,kind,else,call,every,great,heard,stuff,without,ever,wrong,start,money,nothing,quite,anyway,either,hard,hope,rather,sound,trying,alway,read,fact,different,exact,mention,sort,certain,place,care,already,mind,couple,nice,last,change,best,year,show,talk
game,play,first,goal,serie,round,second,night,watch,team,final,third,throw,playoff,winning,minute,chance,puck,abortion,show,scor,point,baseball,left,lead,made,award,line,time,watching,goalie,lucky,last,rule,great,post,call,beat,chunk,late,finish,went,umpire,spell,pick,came,loan,overtime,next,defense,gave,away,saturday,three,china,lose,skate,well,offset,burnt,close,tommy,checker,leading,stick,allow,save,lighter,remaining,sweep,beaten,ahead,since,match,conference,give,shutout,choice,eagle,foul,broadcast,advantage,make,start,right,instead,delay,regular,best,rest,excellent,unnecessary,lost,back,walk,follow,along,result,goaltending,alone
list,post,mail,send,posting,newsgroup,request,group,comp,message,name,subject,article,mailing,discussion,misc,usenet,please,site,question,topic,archive,information,reader,info,read,interest,internet,email,vote,sent,subscribe,date,answer,general,distribution,join,receive,month,note,free,berkeley,want,line,avail,week,john,following,forum,summary,last,appropriate,regular,steve,typing,reading,many,issue,member,analyst,content,comment,network,welcome,propos,technical,creation,server,detail,organization,wish,stuff,conner,suggestion,help,contact,membership,direct,mark,contain,people,current,norm,recent,header,announce,user,addition,official,start,number,projector,like,calculator,account,time,princeton,check,contributing,return
attack,frank,female,gang,arena,target,blank,trap,enemy,stop,opponent,rent,fancy,entering,flying,diversity,killing,neural,studying,ussr,samuel,attacker,outer,hostile,bacterial,revers,stein,tragedy,norwegian,feeding,requesting,terrorism,demographic,oliver,speculation,render,wild,singer,sander,adverse,anger,estate,accepting,sept,legion,collector,token,vagina,land,reaching,mindset,jean,civilian,contemporary,fish,victor,repository,hade,goddamn,apologist,xxxxx,closer,fond,stagger,zealand,underdog,vika,account,ambition,leary,dragging,excuse,constant,sheer,recruit,fear,salmon,immortality,castro,concede,pick,steal,huge,angry,bound,cuba,innocent,carpenter,tender,usenet,cradle,comprehend,retaliation,method,fall,skill,fleeing,sort,landmark,wonder
university,pres,history,professor,istanbul,london,york,french,latin,publisher,northern,probability,california,cambridge,east,middle,artificial,ankara,stanford,transformer,conference,dial,foreign,john,harry,general,pari,eastern,office,escap,studie,volume,paper,empire,witness,archive,fitt,commentator,english,thoma,robert,publish,road,allen,crossing,withdrawal,turkey,near,western,washington,pornography,wednesday,directing,india,century,paul,revisionism,william,edward,gosh,tran,howard,boast,modern,intelligence,hopkin,europe,teflon,richard,berkeley,oxford,struggle,structure,alan,arnold,triangle,proclamation,angele,political,capitalist,crown,fleeing,akin,invader,diplomatic,foia,world,rest,sovereign,scholar,izmir,louisiana,jewish,macworld,dunn,mitch,vilayet,state,british,battlefield
rate,study,infection,studie,nist,number,victim,negative,result,syndrome,homicide,positive,yeast,candida,ncsl,show,control,oral,fluid,reserve,empirical,data,relative,comparison,liver,population,difference,level,grain,escape,total,found,pedal,distortion,lower,anti,substitute,quack,retail,blind,apparent,percentage,testing,significant,journal,passive,article,publish,test,proces,evidence,lung,systemic,selling,strict,adjustment,done,tolerance,reduce,consider,growth,high,sounding,competing,advice,like,cause,aggressive,csrc,banning,involving,fungal,recent,poverty,post,drop,fruit,multiple,significance,professional,double,figure,backward,porsche,wont,basi,citation,poor,toxic,treat,factual,drug,condition,form,incorporate,coffee,closest,responsible,smtp,rare
monitor,video,apple,card,color,resolution,screen,computer,amiga,slot,compatible,motherboard,adapter,macintosh,vesa,local,surgery,support,full,socket,external,expansion,svga,inch,sync,built,graphic,mono,jerk,software,henry,processor,emulation,high,connector,tseng,feature,tempest,quadra,save,system,autocad,price,week,spec,lense,total,come,design,combination,metro,intel,logic,sheppard,schneider,shipping,barne,macweek,multisync,virtual,elegant,cyclone,consulting,primeau,part,gill,asking,later,port,pacific,northwest,pearson,least,work,cullen,possible,half,studio,instinctive,connecting,street,well,ellett,board,objecting,sense,borschevsky,sunshine,stint,kitten,drop,multiple,racine,make,parallel,tailor,apparent,made,marilyn,laurie
drive,disk,hard,floppy,bank,pitt,controller,gordon,taste,tape,hook,soon,norton,skepticism,internal,shameful,interface,intellect,surrender,chastity,cadre,original,maine,external,formatting,flavor,curs,software,fort,without,include,cant,virtue,maxtor,bracket,check,system,purchas,ozzie,liability,eternity,brand,order,cotton,capitol,steve,computer,need,concern,vinyl,upload,case,birthday,syquest,micron,read,hampshire,including,recognize,allow,level,sure,second,nearest,adding,final,overcome,compression,bought,dorm,come,since,seek,back,usual,eeeee,make,high,iisi,watergate,full,extreme,find,close,much,first,repeater,came,third,drew,mounting,strange,includ,enough,jasmine,card,splicing,good,local,homewood
team,hockey,lost,score,city,sport,toronto,chicago,ranger,league,brave,club,york,bruin,baltimore,minnesota,boston,star,game,home,playoff,detroit,john,andy,dalla,mariner,sabre,east,loui,philadelphia,milwaukee,atlanta,cleveland,schedule,standing,last,montreal,american,tiger,pittsburgh,move,giant,fuhr,national,yankee,grant,expo,west,phillie,dodger,houston,week,cincinnati,cardinal,pirate,florida,final,kansa,olympic,trade,diego,rockie,blue,indian,angele,streak,senator,oakland,sean,walker,shown,andrew,oriole,serie,california,derek,jose,angel,april,north,twin,baseball,francisco,andre,great,idle,regular,next,embarrass,lineup,finish,playing,including,seattle,coast,pete,local,astro,fucking,kirk
dealer,quote,master,terrorist,shit,stock,checking,crap,moment,aware,deal,nonsense,aclu,nothing,rape,horse,core,suspect,holding,silence,expense,according,athen,taking,sticking,evolution,obligation,headline,press,allow,lease,receipt,preserve,pocklington,centre,holiday,obscure,mill,pleasure,assurance,asala,whenever,striking,guarantee,locate,chose,participate,oiler,stir,larc,arrangement,returning,everywhere,neighbour,theft,necessary,vocal,salami,known,diving,noone,murder,hypercard,advantage,charley,organization,faction,northland,frustrating,festival,submit,theorie,kemal,vehement,give,banger,disgust,whose,omniscience,underneath,million,local,preface,rabbi,immediate,forget,attempt,order,respond,prove,begin,cheesy,ready,wrong,reject,violence,made,penn,actual,piercing
space,earth,nasa,launch,orbit,satellite,mission,moon,planet,solar,spacecraft,system,shuttle,lunar,surface,probe,astronomy,saturn,flight,first,rocket,venu,comet,atmosphere,data,planetary,station,asteroid,telescope,vehicle,orbital,payload,jupiter,astronomical,degree,propulsion,science,module,star,gravity,orbiter,report,design,pluto,large,flexible,year,return,instrument,project,high,antenna,delta,time,mile,exploration,long,ring,element,radio,magellan,small,operational,titan,flyby,field,martian,observatory,galileo,near,program,environment,crew,booster,commercial,test,cost,radiation,detail,center,several,experiment,atmospheric,orbiting,array,made,date,facility,tracking,around,observer,control,life,second,laboratory,world,camera,command,concept,ocean
disease,exhibit,cycle,pattern,cursor,safe,activity,experimental,shadow,leather,category,acid,approval,greater,life,chamber,categorie,fleet,weight,bacteria,profile,wisconsin,thier,throat,reducing,bloom,sequence,particular,worker,heretic,blinking,grabb,mental,content,protection,calendar,cruise,grown,mortal,supplement,variation,enlighten,since,gram,standpoint,dramatical,inflammation,search,higher,sensible,insulin,yield,beep,transmission,role,level,occur,hair,urban,discovery,general,reich,mistaken,given,gain,degree,calorie,simplest,franklin,pontiac,firebird,smaller,architect,nonprofit,practical,ultrasound,previous,freeway,indicate,province,insect,leading,faint,intact,colleague,mainstream,stud,spread,body,pres,transition,crohn,mouth,consume,restriction,primary,proprietary,become,bread,wide
church,catholic,mormon,peter,smith,pope,muscle,joseph,kilometer,familiar,doctrine,crater,priest,farm,saint,craft,spin,command,reveal,thin,valley,council,sail,showing,bishop,covering,temple,theme,polar,latter,appear,meter,apostle,trigger,ambulance,ceremony,josh,visit,seminar,continuous,since,teaching,pure,four,view,rite,subsystem,beginning,sore,occasion,biopsy,ceremonie,mormonism,mission,affiliate,short,fault,adopt,immense,audit,rambling,axel,readout,receive,took,gathering,speculation,enter,back,pass,sunlight,morning,hillside,hill,became,distinction,public,profound,attitude,adoption,last,spott,telemetry,recover,whose,seven,characterize,hugh,parallel,written,departure,nibley,gnostic,taken,tribune,great,returning,amid,knot,massage
armenian,kill,people,women,soldier,dead,azerbaijani,town,daughter,troop,village,azeri,children,father,wound,azerbaijan,alive,bodie,attack,year,bullet,burn,three,shot,time,karabagh,face,many,civilian,army,killing,death,place,sumgait,massacre,corpse,head,left,destroy,lebanon,fighting,refugee,blood,inhabitant,brother,guard,mother,small,city,nagorno,shout,several,house,eight,karabakh,baku,armenia,brought,force,police,gant,still,first,street,group,report,afraid,last,communist,hospital,battle,onto,third,came,cover,murder,fire,fight,russian,young,five,show,help,fell,mosque,defend,happen,lying,later,familie,helicopter,wife,whole,near,took,including,hundred,survive,tablet,back
david,john,story,book,jame,king,chapter,wrote,conspiracy,account,world,name,alleg,wick,matthew,history,preach,written,rais,great,place,dictionary,dead,baptism,death,first,peter,music,writing,twelve,daniel,binghamton,elia,helping,century,mark,period,later,conception,song,heritage,blood,reconcile,clothe,known,fiction,utter,beating,original,scare,writer,luke,bear,attempt,historical,jerusalem,language,read,ritual,blatant,dawn,gather,born,publishing,desert,ghetto,atla,execution,direct,beauty,many,sheep,meant,found,promoting,fascinating,vain,buri,danger,encyclopedia,storie,began,thought,sleeping,official,second,proclaim,krishna,verb,protest,joseph,worthy,prob,corel,messianic,newspaper,source,collaborator,becoming,life
