,0,1,2,3,4,5,6,7,8,9,10,11,12,13,14,15,16,17,18,19,20,21,22,23,24,25,26,27,28,29,30,31,32,33,34,35,36,37,38,39,40,41,42,43,44,45,46,47,48,49,50,51,52,53,54,55,56,57,58,59,60,61,62,63,64,65,66,67,68,69,70,71,72,73,74,75,76,77,78,79,80,81,82,83,84,85,86,87,88,89,90,91,92,93,94,95,96,97,98,99,100,101,102,103,104,105,106,107,108,109,110,111,112,113
0,game,bike,christian,doctor,woof,encryption,israel,drive,circuit,window,card,subscribe,printer,christ,format,armenian,archive,children,space,fire,phone,firearm,firearm,homosexual,game,bedroom,please,email,weapon,oort,algorithm,morality,constitution,kent,post,graphic,shipping,shuttle,killing,david,battery,islamic,radar,encryption,clinton,paint,comic,modem,chastity,memory,petrucci,ethernet,ticket,argument,article,modem,russian,condition,scsi,love,linux,turkish,tape,cica,health,part,heard,amiga,chastity,wate,receiver,secretary,sale,children,productive,sumgait,mouse,launch,email,flame,shafer,risc,arab,satan,cose,solder,warrant,research,sarcasm,driver,motif,john,bobbe,sent,medicine,pica,group,casserole,nasa,tire,backup,abortion,port,prevention,alexia,chilling,court,electricity,midi,diving,card,spacecraft,serial,deficit
1,team,engine,jesu,patient,gehrig,clipper,israeli,scsi,power,display,driver,test,print,jesu,file,turkish,information,compound,moon,compound,number,government,crime,sexual,nintendo,area,thank,mail,firearm,galaxy,polygon,moral,amendment,cheer,posting,animation,sale,orbit,kill,feustel,temperature,islam,detector,encrypt,bush,polish,marvel,serial,cadre,window,chopin,slot,hotel,post,quoting,baud,moscow,sale,drive,postage,unix,armenian,sell,indiana,insurance,nahf,confirm,video,cadre,newsgroup,transmitter,congres,madonna,christian,symbolize,yelena,keyboard,space,post,bait,dryden,pentium,israeli,freewill,mailing,plastic,batf,graphic,jennifer,state,file,ring,bronx,return,diet,army,ccfa,truelove,interesting,driving,disk,pregnancy,mouse,vaccine,urbana,queer,suspicious,stove,soundblaster,breathing,customer,venu,port,debt
2,player,mile,bible,disease,cheek,chip,arab,disk,voltage,problem,video,thank,laser,christian,convert,serdar,site,koresh,lunar,survivor,dial,weapon,government,heterosexual,sega,room,email,window,police,distance,surface,objective,militia,cult,game,image,interest,mission,punishment,netcom,heat,muslim,traffic,secure,democrat,rust,hulk,port,pitt,swap,mandell,card,airfare,hypocrite,buggy,software,kaliningrad,size,tape,sale,running,serdar,sale,winzip,canada,mtct,name,composite,intellect,convenience,sensor,political,immaculate,religion,inferior,deposition,cursor,mission,mirror,fire,insisting,clock,israel,angel,question,blue,search,science,irony,license,handy,fantasy,sank,phone,physician,bloodstream,loaner,leftover,sunrise,mile,reinstall,abstinence,driver,clinical,champaign,closet,lawyer,centigrade,card,astronaut,mail,gravity,joystick,income
3,play,ride,christ,treatment,headline,escrow,palestinian,controller,input,manager,monitor,please,printing,bible,image,armenia,unix,davidian,cost,evidence,tone,crime,citizen,male,genesi,kitchen,mail,thank,shoot,gamma,intersection,animal,right,religion,mail,looking,offer,solar,death,dave,concrete,bcci,signal,cryptography,senate,remove,avenger,dial,intellect,running,holt,socket,airline,article,read,internal,larrison,shipping,disk,freddie,system,ottoman,price,directory,care,chod,financial,graphic,skepticism,forum,detector,president,contact,bible,software,bonner,ergonomic,orbit,send,pipe,mary,instruction,village,lucifer,mail,green,illegal,sponsoring,humor,california,toolkit,natch,manhattan,payment,medical,vmax,lick,pizza,sunset,honda,madsen,birth,connection,newsletter,cobb,protest,toilet,electric,mapper,gravity,julia,transition,game,bush
4,season,rear,believe,cause,gotta,algorithm,jewish,hard,audio,application,color,ditto,driver,faith,postscript,turk,send,batf,money,batf,dialing,criminal,federal,survey,sale,canada,mailing,please,glock,orbit,plane,specie,government,jesu,feel,clipart,please,deploy,penalty,koresh,cooling,rushdie,valentine,security,republican,coat,surfer,external,skepticism,manager,chemistry,connector,voucher,attack,virginia,selling,soviet,strap,munroe,music,memory,turk,condition,program,canadian,shod,true,frame,shameful,split,signal,briefing,email,jesu,customize,aristide,thank,orbiter,posting,splashing,safety,cisc,country,tell,tene,mask,unseal,avail,thrown,parking,lilley,neuharth,blew,mail,biochemistry,testosterone,whoop,bait,orbit,steering,install,teenage,serial,infect,uiuc,marc,illusion,oven,sound,falling,arcnet,orbit,card,reagan
5,hockey,wheel,faith,food,trip,government,peace,floppy,output,file,diamond,loser,laserwriter,church,program,genocide,software,fire,funding,start,call,amendment,criminal,partner,super,parking,send,file,revolver,star,line,human,freedom,malcolm,letter,thank,mail,boost,cruel,davidian,discharge,fatwa,bogey,secret,house,liquid,mutant,problem,shameful,virtual,graham,asante,transfer,context,azure,msrp,launch,postage,doyle,dance,free,istanbul,vaccum,pkzip,private,tewa,maken,animation,pitt,graphic,system,meet,chilli,relationship,unix,pogrom,slowest,trajectory,thank,backfire,ball,performance,land,isaiah,message,phenolic,arrest,workstation,loop,resident,manchester,picker,queen,shipment,pathology,municipality,crohn,flaming,asteroid,engine,copy,condom,packet,viru,raise,break,naive,fahrenheit,blaster,flotation,pike,statu,item,borrowing
6,league,riding,church,effect,three,secure,people,problem,current,program,window,stuff,postscript,word,graphic,turkey,directory,parent,launch,tank,telephone,right,defense,cramer,football,dryer,list,advance,handgun,galactic,point,immoral,state,notion,made,format,buyer,launch,people,savior,floor,khomeini,radio,algorithm,reagan,cleaning,bagg,internal,gordon,file,fortran,board,orlando,ontological,bertrand,offer,rocket,velcro,backup,kenny,window,genocide,decker,desktop,doctor,nair,niet,ntsc,surrender,group,acceleration,office,achtung,parent,market,azerbaijani,jolt,solar,please,butane,nasa,intel,minister,fallen,send,epoxy,knock,seminar,possibility,road,internet,planetoid,vice,check,treatment,hate,blah,turkey,comet,ride,hard,school,connect,mortality,debate,million,owner,brent,driver,breather,edmund,foci,parallel,spending
7,baseball,motorcycle,belief,infection,though,encrypt,bosnia,boot,stereo,running,mode,retard,font,scripture,jpeg,muslim,including,death,nasa,davidian,swedish,citizen,weapon,study,trade,bath,advance,program,trigger,distribution,sphere,natural,free,label,response,imaging,sell,fuel,life,boulder,acid,bank,approaching,escrow,president,buff,wolverine,connect,surrender,application,application,chip,cancun,telepathy,minerva,tidbit,mann,nikon,shipping,bobby,beta,massacre,duster,util,american,chori,parm,monitor,gordon,propos,differential,toward,cher,torah,product,shout,rodent,payload,anyone,inhale,perfect,faster,meir,bobby,receive,board,helicopter,institute,aware,virginia,edit,puppy,stay,defective,osteopathic,funnel,cross,serv,arizona,road,microsoft,rate,registration,health,michael,secretary,sigh,microwave,audio,barnyard,penev,triad,floppy,pledge
8,playoff,tire,atheist,medical,still,security,kill,motherboard,amplifier,using,graphic,think,deskjet,life,tiff,million,list,people,project,knock,sweden,police,police,straight,please,road,anyone,convert,bullet,comet,parametric,subjective,speech,christian,poster,please,contact,space,innocent,risen,cold,gregg,driver,clipper,quayle,bike,silver,interrupt,bank,config,paperback,plug,bahama,wrong,oooh,price,leonov,spring,acorn,girl,forget,muslim,salon,register,malpractice,nazz,requestor,quicktime,bank,aspect,opto,laughter,please,christianity,restrictive,apartment,attachment,data,copy,firebomb,live,processor,knesset,abolishment,subscribe,emit,grenade,computer,assume,plate,explore,sparkle,away,receipt,vitamin,alcoholic,myer,wing,astronomy,airbag,drive,education,adapter,dickinson,middle,saturday,stolen,cutting,panel,buoyancy,venezia,bird,baud,congres
9,year,front,christianity,drug,many,phone,muslim,thank,volt,widget,svga,yeah,laserjet,truth,bitmap,soviet,include,child,billion,koresh,line,people,court,kinsey,controller,ceiling,newsgroup,version,rifle,burst,thank,agree,congres,secular,like,location,selling,satellite,person,israel,water,propaganda,alarm,privacy,year,finish,shipping,procomm,soon,free,send,compatible,trip,fact,intercon,port,cosmodrome,frame,exabyte,tape,avail,turkey,silex,upload,income,hori,rolex,computer,soon,discussing,quadrant,taken,following,love,innovative,baku,asap,satellite,adsorption,extinguisher,world,orthogonal,jewish,creepy,announcement,circuit,reno,modeling,private,fairfax,done,fluffy,mutton,call,nutrition,exiting,ncsl,commercial,earth,suspension,user,assume,routh,conduct,clinton,night,loop,temperature,cdrom,immersion,rockefeller,aerobraking,controller,brilliant
10,last,honda,religion,diet,first,secret,lebanon,install,radio,error,vesa,chuvashia,toner,divine,thank,kurd,note,tear,apollo,wound,germany,hunting,american,population,offer,washer,info,group,carry,cloud,circle,omniscient,definition,peter,agree,comercial,postage,array,society,nonsense,turbine,quran,flashing,agency,gore,black,shatterstar,fine,dystrophy,permanent,page,iisi,vacation,response,amanda,data,military,excellent,software,shipping,feature,kurdish,sunbeam,file,fund,horb,meer,editing,tremor,awful,pulse,house,garth,jewish,computer,yerevan,apple,flight,jach,reloading,real,ravikumar,diary,negation,interest,light,raid,siggraph,contain,park,avail,squelch,undying,seller,elaine,motorcyclist,rebuild,second,solar,seat,directory,fluctuate,fine,incidence,clas,colorado,fuzz,favor,media,centrifugal,company,uplink,disk,goverment
11,pitcher,brake,word,medicine,good,crypto,state,machine,resistor,help,thank,word,paper,believe,code,azeri,contact,branch,launcher,trial,wall,constitution,individual,median,arcade,summer,group,response,self,neutron,equation,absolute,protect,sandvik,group,picture,sold,gyro,moral,wood,batterie,case,highway,enforcement,neanderthal,shop,mint,work,reflex,swapping,guide,jumper,freeport,assertion,newpaper,bundle,plesetsk,chair,floppy,weer,hypercard,armenia,band,zippy,expenditure,peut,merk,santa,blood,concerning,determine,april,chime,biblical,easier,entryway,rainer,nasa,sien,toggle,people,addressing,palestinian,excuse,text,seen,violation,contact,doubt,actual,code,tinker,preying,ripp,tulsa,cager,columbu,made,planet,traffic,corporate,edsel,please,medical,bill,taligent,guilty,cold,play,meditating,wavelength,antenna,modem,government
12,goal,road,people,symptom,Unnamed: 184,system,attack,board,watt,thank,anyone,unsubscribe,window,christianity,window,russian,program,weapon,commercial,agent,jack,federal,state,people,shipping,nice,appreciate,looking,hammer,hole,code,think,bill,christianity,something,clipping,thank,deployment,punish,colorado,cool,people,vehicle,chip,privacy,paste,annual,window,weight,segment,handbook,apple,offer,quote,duff,manual,space,glas,controller,clapton,compression,eastern,amplifier,unzip,medical,alho,wilkerson,output,effective,favor,measure,campaign,diamond,righteous,meant,nagorno,drawer,ariane,nauk,zephyr,classe,architecture,insist,replenish,motif,carbon,affadavit,dimensional,note,perusal,application,ornament,imprisonment,deal,health,hose,atlantic,first,wesleyan,older,pirate,statement,mail,professional,university,collage,quilty,coldest,connect,deceleration,micron,downlink,warranty,borrow
13,first,ford,lord,cancer,shouting,wiretap,nazi,work,sound,button,resolution,thought,cartridge,live,viewer,greek,name,kill,program,building,connection,civil,people,show,interest,dining,post,help,safe,energy,curve,goal,people,humanism,polite,package,hiram,thruster,crime,drinker,tower,viewpoint,receiver,wiretap,george,raindance,alpha,comm,sympathetic,resource,copyright,bought,travel,wrote,reader,archiv,spacewalk,drawer,consultant,ratt,platform,empire,matic,voila,spending,fiji,hitherto,clip,prescription,comp,linear,policy,gold,talmud,make,azerbaijan,sensitivity,atmospheric,maht,canister,obstruct,computer,palestine,episcopalian,list,electronic,trafficker,info,allow,underage,janet,discreet,proclaiming,receive,cell,haul,nist,serb,sofia,smooth,complete,insurance,sketchy,institute,program,grassroot,fault,deform,window,splatter,cancel,forward,sale,federal
14,think,like,think,blood,tragedy,public,right,system,frequency,client,ultra,nate,using,even,know,azerbaijan,function,government,idea,lantern,company,state,public,report,price,near,know,anyone,shot,closer,intersect,observation,supreme,statement,sending,book,price,repair,objective,kindl,reactor,countrie,directional,decrypt,congres,polishing,trek,machine,intern,thank,fourth,motherboard,night,lack,resend,external,cosmo,camera,hudson,duran,version,russian,proctor,download,hospital,zack,dillon,format,surgical,algorithm,emitting,morning,sleeve,mankind,perception,prelude,simple,delta,adsorbent,extreme,tribesmen,doubling,fact,yahweh,discussion,yellow,chum,graduate,post,driving,modification,berryhill,altar,wasting,glucose,coherent,repost,somali,hiroki,highway,software,curricula,facsimile,disease,morality,adverb,backfire,laboring,control,strapping,sell,magnetometer,monitor,year
15,ranger,look,life,pain,mamma,cryptography,holocaust,jumper,channel,server,support,post,thank,world,converter,government,type,inside,fund,claim,touch,protect,civil,behavior,sell,large,internet,post,automatic,universe,intersecting,system,necessary,shit,opinion,text,email,servicing,another,adonai,steam,religion,going,private,initiative,waxing,alien,using,cone,server,edition,ribbon,vega,hypocritical,murdoch,comm,alexei,five,hard,monkee,qemm,children,maraldo,version,decima,lair,noam,package,patient,reading,accuracy,meeting,vinyl,live,hacker,balcony,modification,maneuver,orci,flamm,starship,uiuc,place,apocryphal,user,paper,firefight,technology,following,vehicle,switch,tailor,earnest,shipping,zinc,uncommon,nope,everyone,odell,consumer,compress,illustrative,veronica,patient,subjective,subverting,newpaper,melting,spectrum,cyclical,phone,griffith,button,revenue
16,time,good,scripture,know,bandit,privacy,civilian,seagate,high,work,display,hell,quality,mean,picture,history,multiple,assault,development,kerosene,electronic,batf,national,promiscuity,video,downtown,contact,copy,conceal,physic,data,right,bear,lutheran,people,circle,send,reboost,execution,rabie,lead,thread,transmitter,message,state,abrasive,spider,baud,rebound,expand,software,model,round,accusing,venezia,powerbook,till,shoe,system,krazy,operating,asala,offer,window,newsmagazine,iaff,jammer,svga,pressure,code,meter,throughout,album,child,development,courtyard,grateful,propulsion,nico,tweak,cheaper,overall,menachem,month,response,colour,nonsensical,laboratory,atheistic,false,look,errey,bake,arizona,brown,waving,avenue,american,middletown,understeer,annoying,masturbate,client,college,immoral,band,sabotage,area,device,blackout,sale,normal,motherboard,percent
17,boston,back,point,health,karabakh,scheme,palestine,cache,signal,default,stealth,answer,work,father,version,kurdish,detail,abuse,prize,shot,refit,many,attorney,dramatical,player,sublet,information,find,auto,cosmological,wireframe,disagree,keep,alway,newsgroup,anyone,dance,orbiter,victim,networld,coal,claim,indicator,public,election,dirty,punisher,help,usual,using,book,number,accomodation,agree,penev,please,russia,pentax,dick,bray,processor,moslem,cassette,path,market,orci,slipping,file,antibiotic,learn,output,unit,ring,patriarch,stuff,karabakh,simulation,instrument,hilo,directing,guinea,powerpc,davar,omnipotence,community,color,authority,candidate,mythology,criminal,oxford,geek,anne,letter,miller,varie,newsletter,christian,furthest,sport,change,boob,engineering,study,heck,interesting,pawn,woodstove,install,inward,novell,calibration,reference,shaving
18,toronto,rider,know,physician,courtyard,data,jerusalem,card,electronic,code,board,well,canon,love,pixel,population,contain,responsible,develop,victim,tote,self,amendment,bisexual,gameboy,bathroom,eric,format,shooting,planet,solution,dwyer,party,sect,point,help,friend,suit,system,brien,warm,whore,feet,government,spotty,scratching,daredevil,download,compromise,allocate,smith,hunt,mexico,promise,wondering,original,exploding,cordura,rodime,mystify,subsystem,province,blender,logo,phenomenom,flax,marcel,movie,nerve,making,frequency,continue,joshua,teacher,competition,shouting,fastest,shuttle,wren,sportster,lemur,memory,weitz,monarch,like,bandgap,doorbell,field,please,illegal,feature,arafat,maddi,send,dietary,nominal,eliminate,cleans,crackle,brake,utility,prenatal,register,percent,reasoning,make,scraping,chil,patch,water,shack,slew,brand,cranny
19,good,gear,thing,syndrome,balcony,trust,policy,memory,line,user,know,instead,page,person,help,people,provide,follower,budget,suicide,europe,jail,reason,orientation,mail,metro,inode,display,lethal,earth,hint,survival,court,sorry,matter,file,include,propulsion,wrong,fault,plant,mere,moving,produce,chip,peel,shiny,gateway,speculum,screen,study,know,reno,whining,rabid,reduction,story,domke,density,hooter,quite,blood,treble,call,ontario,orch,statment,roll,toxic,hardware,wave,military,pepper,prayer,better,samuel,running,degree,kvam,apocalypse,spent,chip,achieve,omniscience,newsletter,ciba,clinton,center,void,quieter,window,adolescent,nickname,expense,bloom,asshole,annoying,disinterest,rast,driver,database,catholic,silvio,researcher,david,logjam,judge,diffusion,file,tubing,inexpensive,project,supp,clod
