Topic 0,"obamacare: 0.12676, worst: 0.11652, someone: 0.09089, standard: 0.08586, sanction: 0.05965, baseball: 0.03397, ensure: 0.03386, evil: 0.03145, florence: 0.02583, load: 0.02037"
Topic 1,"world: 0.36726, greatest: 0.13064, leadership: 0.11665, stat: 0.10259, spying: 0.02997, ceremony: 0.02019, jason: 0.02001, growing: 0.01828, bureaucrat: 0.01494, praying: 0.0129"
Topic 2,"number: 0.34596, already: 0.1787, jong: 0.06953, lose: 0.06846, significant: 0.02173, fiction: 0.0207, contract: 0.01836, selling: 0.016, reli: 0.01382, rasmussen: 0.01375"
Topic 3,"hate: 0.08666, wife: 0.06719, vietnam: 0.04685, explain: 0.04105, honest: 0.03774, simp: 0.03717, levin: 0.03437, blue: 0.03225, inquiry: 0.03148, wealth: 0.02766"
Topic 4,"think: 0.23235, looking: 0.19008, join: 0.12248, something: 0.1027, dossier: 0.07436, careful: 0.02735, quid: 0.0261, wage: 0.02484, opioid: 0.01688, study: 0.01401"
Topic 5,"bles: 0.10366, nato: 0.10318, land: 0.06513, barr: 0.05492, protection: 0.04551, missile: 0.0331, lincoln: 0.03144, commercial: 0.02976, rancher: 0.0297, search: 0.0284"
Topic 6,"crowd: 0.15891, level: 0.11815, jordan: 0.11694, return: 0.06793, mayor: 0.06222, ukrainian: 0.06127, conflict: 0.05936, text: 0.03793, assault: 0.0333, football: 0.02413"
Topic 7,"year: 0.41679, ever: 0.15593, nation: 0.10147, economic: 0.0628, stronger: 0.03342, growth: 0.03122, cohen: 0.01725, whatever: 0.01571, clapper: 0.00999, cave: 0.0093"
Topic 8,"negotiate: 0.07377, half: 0.06881, spectacular: 0.05229, intel: 0.05159, simpson: 0.04851, violence: 0.04483, gold: 0.03973, suffer: 0.03859, century: 0.02842, lunch: 0.02801"
Topic 9,"happen: 0.35258, allow: 0.23226, watching: 0.12597, went: 0.10961, luther: 0.03085, seek: 0.01365, master: 0.01246, philadelphia: 0.01234, mandate: 0.01019, surround: 0.00519"
Topic 10,"battle: 0.09354, impeaching: 0.06696, nellie: 0.05992, civilian: 0.05854, minority: 0.04227, greeting: 0.04081, obligation: 0.03824, kraft: 0.03787, perjury: 0.03771, freezing: 0.03417"
Topic 11,"report: 0.44063, pennsylvania: 0.1022, remain: 0.06889, industry: 0.04964, senior: 0.04264, green: 0.03493, notice: 0.02982, sell: 0.02943, independent: 0.02501, unity: 0.02462"
Topic 12,"bill: 0.26529, happy: 0.19948, entire: 0.12593, wish: 0.0568, behalf: 0.03685, rose: 0.02806, plane: 0.02275, garden: 0.0216, annual: 0.01884, thanksgiving: 0.01666"
Topic 13,"future: 0.23383, everything: 0.22576, greater: 0.06086, beyond: 0.05546, condolence: 0.05292, regard: 0.0331, sacrifice: 0.03144, snow: 0.02955, avoid: 0.02479, earn: 0.01783"
Topic 14,"transcript: 0.15164, feel: 0.08996, minnesota: 0.07605, matt: 0.06609, london: 0.04758, conspiracy: 0.04648, circuit: 0.04525, crossing: 0.03098, vacation: 0.02718, brutal: 0.02585"
Topic 15,"situation: 0.09697, lyin: 0.0647, christopher: 0.063, celebrity: 0.05879, macy: 0.05113, focus: 0.04507, socialism: 0.03768, chao: 0.03566, asset: 0.03124, earning: 0.02908"
Topic 16,"apprentice: 0.1461, financial: 0.13565, face: 0.13402, responsible: 0.0652, relief: 0.06099, walk: 0.05962, track: 0.05227, acknowledge: 0.02981, championship: 0.02978, slam: 0.02537"
Topic 17,"alone: 0.09238, pretend: 0.09236, flow: 0.08194, mine: 0.06453, born: 0.05139, lawful: 0.04962, viewer: 0.03209, boost: 0.0316, whatsoever: 0.02789, angela: 0.02706"
Topic 18,"asylum: 0.10136, expos: 0.09725, development: 0.09493, bright: 0.05322, respectful: 0.05213, england: 0.04732, overwhelming: 0.04518, decent: 0.03064, staffer: 0.02942, nascar: 0.02736"
Topic 19,"party: 0.39209, seen: 0.15928, dream: 0.06988, heart: 0.06232, doubt: 0.06169, pour: 0.0296, pledge: 0.0252, brandon: 0.01939, harry: 0.01628, letterman: 0.01386"
Topic 20,"republican: 0.45771, give: 0.16822, adam: 0.08712, secretary: 0.07841, victory: 0.05693, david: 0.04513, refuse: 0.03154, warrior: 0.01338, expose: 0.00722, ninth: 0.00509"
Topic 21,"love: 0.36326, fantastic: 0.127, ambassador: 0.05248, discus: 0.03714, shot: 0.03621, henry: 0.03448, none: 0.02684, cuomo: 0.02388, foundation: 0.02137, episode: 0.01887"
Topic 22,"building: 0.12678, venezuela: 0.10226, paying: 0.09534, alabama: 0.08807, later: 0.06242, exciting: 0.06175, gather: 0.02335, quantitative: 0.02194, finance: 0.02097, securing: 0.02067"
Topic 23,"anything: 0.18472, california: 0.16436, anyone: 0.13405, zero: 0.12474, luck: 0.05209, fraudulent: 0.04979, food: 0.03324, ballot: 0.02621, staying: 0.02518, sending: 0.02361"
Topic 24,"caravan: 0.13604, loser: 0.13546, consider: 0.07866, clean: 0.06993, shifty: 0.0581, editor: 0.03695, daughter: 0.0343, lindsey: 0.03073, rising: 0.02695, uniform: 0.02373"
Topic 25,"reason: 0.20524, correct: 0.10878, fall: 0.08932, global: 0.05629, putin: 0.05563, indiana: 0.04576, suggest: 0.04437, extreme: 0.04373, health: 0.04329, homeland: 0.03056"
Topic 26,"event: 0.12773, treat: 0.12434, negotiation: 0.09599, scandal: 0.09314, date: 0.0454, cutting: 0.03737, modern: 0.03727, realize: 0.03573, forever: 0.03483, aspect: 0.03181"
Topic 27,"country: 0.49638, honor: 0.12606, citizen: 0.03978, children: 0.02912, school: 0.02629, behind: 0.02329, student: 0.02183, often: 0.01968, four: 0.0196, celebrate: 0.01893"
Topic 28,"official: 0.1426, hurricane: 0.12568, foreign: 0.09924, credit: 0.08995, local: 0.07814, louisiana: 0.07475, peter: 0.07299, emergency: 0.0622, listen: 0.05444, rapid: 0.05351"
Topic 29,"large: 0.22176, else: 0.21495, chinese: 0.0601, husband: 0.05737, simple: 0.05348, scale: 0.04558, island: 0.04134, decisive: 0.02593, improve: 0.022, rolling: 0.02025"
Topic 30,"right: 0.22248, high: 0.20185, wonderful: 0.11168, worker: 0.08704, schumer: 0.0666, chuck: 0.06116, poor: 0.04219, primary: 0.03258, expensive: 0.02754, willing: 0.02244"
Topic 31,"political: 0.29838, final: 0.25543, fire: 0.11349, putting: 0.09087, anniversary: 0.04394, quote: 0.03163, dope: 0.01266, dealt: 0.01013, shipp: 0.00816, resolve: 0.00725"
Topic 32,"obama: 0.28082, fact: 0.21184, long: 0.18853, little: 0.09478, clear: 0.04352, stupid: 0.03089, nomination: 0.0173, goal: 0.01361, endorse: 0.01338, export: 0.0101"
Topic 33,"hard: 0.31333, read: 0.15146, fighting: 0.1153, destroy: 0.08859, human: 0.07449, kavanaugh: 0.03999, throughout: 0.03647, toward: 0.03314, inside: 0.02356, lago: 0.0163"
Topic 34,"story: 0.26251, power: 0.13453, storie: 0.12249, found: 0.0971, corruption: 0.07042, twitter: 0.06176, disgraceful: 0.05992, employee: 0.02206, overtime: 0.01717, agency: 0.01701"
Topic 35,"word: 0.14857, taken: 0.11024, legal: 0.07462, amount: 0.06015, player: 0.05347, sent: 0.04724, responder: 0.03919, firing: 0.03312, accurate: 0.02954, vega: 0.02706"
Topic 36,"matter: 0.17594, november: 0.12761, cause: 0.0526, walking: 0.03854, ultimate: 0.03593, stopping: 0.03282, dealer: 0.03278, nonsense: 0.03191, singapore: 0.0293, brady: 0.02892"
Topic 37,"dishonest: 0.185, purpose: 0.07865, saturday: 0.07533, insurance: 0.0741, opinion: 0.05883, camp: 0.04723, organization: 0.04064, inde: 0.03468, particular: 0.03413, intention: 0.03347"
Topic 38,"interview: 0.2654, cruz: 0.1045, interesting: 0.06322, weekend: 0.05619, exist: 0.04631, among: 0.04325, review: 0.04104, network: 0.03958, commitment: 0.03469, miami: 0.02434"
Topic 39,"begun: 0.14221, buying: 0.12234, expense: 0.0978, property: 0.09756, kaine: 0.06316, retirement: 0.04228, bound: 0.03368, norm: 0.01484, white: 0.00687, forgotten: 0.00682"
Topic 40,"help: 0.38454, build: 0.18413, brave: 0.0748, technology: 0.03113, edward: 0.02537, blew: 0.02492, founder: 0.02439, ralph: 0.02328, encourage: 0.02115, hilton: 0.01929"
Topic 41,"brilliant: 0.16582, bowl: 0.07384, withdrawn: 0.063, journey: 0.05586, taliban: 0.04601, store: 0.04197, criticize: 0.04041, affair: 0.03886, hiring: 0.03728, olympic: 0.02869"
Topic 42,"highest: 0.28256, idea: 0.16322, additional: 0.13982, troy: 0.0574, mcmaster: 0.03259, nightmare: 0.02988, tyler: 0.02228, practical: 0.01714, weird: 0.01541, dame: 0.01521"
Topic 43,"drug: 0.3859, price: 0.15835, lower: 0.06939, existing: 0.04694, condition: 0.04467, launch: 0.03341, medical: 0.02183, competitor: 0.0207, visiting: 0.01759, incompetence: 0.01678"
Topic 44,"leader: 0.2628, immigration: 0.24722, release: 0.06391, inform: 0.06098, gotten: 0.06066, bias: 0.03921, sanctuary: 0.0391, mitt: 0.03872, considering: 0.0328, catch: 0.01678"
Topic 45,"live: 0.22179, ready: 0.1329, cannot: 0.09666, playing: 0.07524, mainstream: 0.05731, waste: 0.0317, brennan: 0.02943, bruce: 0.02666, dying: 0.02453, article: 0.02364"
Topic 46,"humanitarian: 0.18478, period: 0.07938, target: 0.07295, arena: 0.05794, bought: 0.05546, bomb: 0.04423, seiz: 0.04037, condemn: 0.04003, uncheck: 0.03609, ruin: 0.03095"
Topic 47,"offer: 0.13258, enemy: 0.13142, liberal: 0.10047, winner: 0.0886, patrick: 0.04518, iranian: 0.04286, respond: 0.03159, montana: 0.03092, merit: 0.02899, walter: 0.02142"
Topic 48,"examiner: 0.17428, motor: 0.15326, birth: 0.11257, older: 0.02619, caught: 0.00959, unity: 9e-05, nature: 9e-05, newsweek: 9e-05, sammy: 9e-05, nune: 9e-05"
Topic 49,"much: 0.45036, election: 0.29718, voting: 0.05371, rigg: 0.04992, speaking: 0.028, machine: 0.01137, motion: 0.0103, package: 0.0075, supp: 0.0072, female: 0.00616"
Topic 50,"energy: 0.18812, send: 0.11161, document: 0.10904, france: 0.10853, represent: 0.09918, death: 0.08618, journal: 0.04653, income: 0.03511, benghazi: 0.03242, sentence: 0.02323"
Topic 51,"post: 0.22144, bush: 0.13136, rather: 0.11466, using: 0.09725, coup: 0.06975, romney: 0.05949, baltimore: 0.05008, ebola: 0.02347, edge: 0.01793, facility: 0.01721"
Topic 52,"north: 0.4057, carolina: 0.22484, benefit: 0.06821, proof: 0.02886, strengthen: 0.02254, association: 0.02044, opposing: 0.01478, throw: 0.01268, spread: 0.01197, rogue: 0.01183"
Topic 53,"including: 0.23045, voter: 0.12613, evidence: 0.12429, fraud: 0.08957, dead: 0.06571, funny: 0.04679, june: 0.0434, woman: 0.03252, favor: 0.03132, grow: 0.01997"
Topic 54,"watch: 0.38066, criminal: 0.16519, brought: 0.07243, third: 0.04328, broke: 0.03508, stone: 0.0297, drudge: 0.02902, resolution: 0.02422, ivanka: 0.02169, martin: 0.01885"
Topic 55,"phony: 0.16186, michael: 0.13287, weapon: 0.06167, anyway: 0.05414, serving: 0.04722, average: 0.03514, dear: 0.03487, prevent: 0.03288, shut: 0.03267, tool: 0.02501"
Topic 56,"first: 0.48511, safety: 0.11237, msnbc: 0.06155, lady: 0.0513, begin: 0.0504, taxpayer: 0.03725, discover: 0.02102, note: 0.01702, adult: 0.01583, patient: 0.01516"
Topic 57,"going: 0.38264, office: 0.12633, remember: 0.10956, impeach: 0.08073, hearing: 0.06351, remark: 0.02752, concerning: 0.02677, reveal: 0.02602, warming: 0.01543, child: 0.01157"
Topic 58,"email: 0.35203, design: 0.06071, detain: 0.05912, thriving: 0.05668, household: 0.04356, contempt: 0.03535, crude: 0.03112, contrary: 0.02818, gina: 0.02722, viewership: 0.01125"
Topic 59,"general: 0.38463, violent: 0.07423, mississippi: 0.07309, counter: 0.0463, biarritz: 0.03189, starving: 0.02793, deductible: 0.02473, construct: 0.02165, memorandum: 0.02091, fundraising: 0.01953"
Topic 60,"vote: 0.51469, person: 0.11308, request: 0.03964, concern: 0.03463, advantage: 0.03144, liar: 0.02698, register: 0.0259, break: 0.02567, wasting: 0.02149, pride: 0.01611"
Topic 61,"decision: 0.20367, late: 0.09853, anybody: 0.06653, server: 0.0559, jail: 0.05346, payment: 0.05002, invasion: 0.03516, fuel: 0.03497, ridiculous: 0.03121, industrie: 0.02879"
Topic 62,"work: 0.49936, gang: 0.06079, mention: 0.05182, project: 0.0485, latest: 0.03209, convention: 0.03125, boring: 0.02853, google: 0.02772, beach: 0.02617, shame: 0.01534"
Topic 63,"great: 0.56143, america: 0.16967, make: 0.13863, stay: 0.01924, chairman: 0.01898, meet: 0.01807, wisconsin: 0.01122, monday: 0.01105, mistake: 0.0096, brian: 0.00559"
Topic 64,"last: 0.39485, night: 0.27207, iowa: 0.08095, hostage: 0.03517, solution: 0.03413, otherwise: 0.02093, magic: 0.01702, cpac: 0.01693, landing: 0.01593, walker: 0.01019"
Topic 65,"best: 0.30334, believe: 0.16151, need: 0.16018, team: 0.14938, told: 0.09627, flight: 0.01423, version: 0.01162, pursue: 0.00898, although: 0.00743, assur: 0.00707"
Topic 66,"tonight: 0.2536, speech: 0.12138, especial: 0.09379, forget: 0.06351, kentucky: 0.05076, kevin: 0.04412, germany: 0.03953, january: 0.03712, movement: 0.03688, discuss: 0.03027"
Topic 67,"wrong: 0.22883, change: 0.16827, tell: 0.13839, steel: 0.11649, letter: 0.03575, suspend: 0.02049, seven: 0.01886, migration: 0.01811, smear: 0.017, vicious: 0.01294"
Topic 68,"southern: 0.27285, fema: 0.073, reserve: 0.04919, single: 0.04792, promis: 0.04333, testify: 0.04111, excuse: 0.03984, admit: 0.03697, protecting: 0.03418, tougher: 0.0295"
Topic 69,"crime: 0.28487, military: 0.2006, protect: 0.09706, fight: 0.09336, agenda: 0.04558, supporter: 0.04487, nobody: 0.0338, conservative: 0.03164, coast: 0.02164, april: 0.01161"
Topic 70,"better: 0.37745, case: 0.21454, europe: 0.05645, testing: 0.0304, auto: 0.0225, equal: 0.0208, flynn: 0.01959, praise: 0.01775, agriculture: 0.01706, spreading: 0.01647"
Topic 71,"korea: 0.23834, south: 0.13662, evening: 0.08808, patriot: 0.07609, father: 0.05198, hero: 0.04223, value: 0.03758, marine: 0.02975, suffering: 0.02859, round: 0.01974"
Topic 72,"despite: 0.15687, winning: 0.12488, bigger: 0.06886, afternoon: 0.05247, calling: 0.05127, lawsuit: 0.04381, difference: 0.0381, voice: 0.03689, river: 0.02842, cont: 0.02656"
Topic 73,"sign: 0.22593, syria: 0.1373, desperate: 0.11163, exact: 0.085, standing: 0.07384, entrepreneur: 0.06509, terror: 0.03824, surge: 0.03017, destroying: 0.02757, fellow: 0.02305"
Topic 74,"wait: 0.13566, reach: 0.09491, hold: 0.08961, update: 0.06204, innocent: 0.05754, facebook: 0.05266, approve: 0.04937, eric: 0.0437, prison: 0.04159, contribution: 0.02974"
Topic 75,"busines: 0.20559, proper: 0.08145, starting: 0.06813, construction: 0.06395, award: 0.05111, substantial: 0.05083, detail: 0.03959, george: 0.02783, fill: 0.02652, percent: 0.02455"
Topic 76,"other: 0.21812, please: 0.15135, lost: 0.14848, agree: 0.1225, ohio: 0.09693, prosperity: 0.03324, basi: 0.02625, mccain: 0.02201, bare: 0.01638, rare: 0.01454"
Topic 77,"back: 0.53009, home: 0.10702, enough: 0.05871, troop: 0.03812, lover: 0.03498, bringing: 0.0318, accept: 0.02671, cold: 0.02305, firework: 0.01605, cumming: 0.01318"
Topic 78,"melania: 0.18425, faith: 0.06596, treason: 0.05427, october: 0.04943, islamic: 0.04313, overturn: 0.04043, color: 0.03199, suggesting: 0.02672, twice: 0.02669, religion: 0.02566"
Topic 79,"russia: 0.42861, minister: 0.13209, opposition: 0.07075, chri: 0.05888, plant: 0.05033, threat: 0.04673, usual: 0.03434, socialist: 0.02726, choose: 0.01841, susan: 0.00872"
Topic 80,"meeting: 0.27633, morning: 0.12437, union: 0.07284, lowest: 0.06576, subject: 0.03849, mind: 0.03358, deep: 0.03357, sunday: 0.0314, program: 0.02597, targeting: 0.02375"
Topic 81,"still: 0.2714, host: 0.12281, miss: 0.05549, avail: 0.05485, podesta: 0.05298, roger: 0.0474, alternative: 0.04738, serious: 0.03963, francisco: 0.03581, cnbc: 0.02816"
Topic 82,"democrat: 0.57841, nothing: 0.18442, congres: 0.11803, partisan: 0.01564, king: 0.01524, expert: 0.01158, link: 0.00977, score: 0.0056, appear: 0.00445, defending: 0.00437"
Topic 83,"poll: 0.43173, rate: 0.2107, room: 0.0646, kept: 0.04077, upon: 0.03087, finding: 0.02724, laughing: 0.02634, inherit: 0.01976, reject: 0.01699, pirro: 0.01522"
Topic 84,"working: 0.34051, farmer: 0.11762, deliver: 0.06631, video: 0.05058, create: 0.04735, defend: 0.04643, personal: 0.04223, richard: 0.03661, serv: 0.02978, terrific: 0.02816"
Topic 85,"john: 0.26352, course: 0.13403, beginning: 0.10787, atlantic: 0.06201, strongest: 0.04164, signing: 0.036, direction: 0.0345, competition: 0.03029, bite: 0.02477, premium: 0.02311"
Topic 86,"major: 0.2039, barrier: 0.14135, policy: 0.12355, patrol: 0.09912, negotiating: 0.05157, dinner: 0.04326, jone: 0.02892, factor: 0.02457, climate: 0.02187, nebraska: 0.01612"
Topic 87,"mueller: 0.2298, problem: 0.14562, tomorrow: 0.13868, fast: 0.10836, around: 0.09662, heard: 0.05328, acting: 0.04773, pardon: 0.01335, airport: 0.0126, native: 0.01232"
Topic 88,"collusion: 0.27093, important: 0.17552, since: 0.17346, life: 0.10883, debate: 0.10179, disgusting: 0.03002, asham: 0.01142, couple: 0.00931, vladimir: 0.00791, houston: 0.00699"
Topic 89,"part: 0.26104, beautiful: 0.25473, heroe: 0.08331, picture: 0.05606, angel: 0.04714, forgotten: 0.03424, privilege: 0.02507, prisoner: 0.0214, feeding: 0.01598, credible: 0.01574"
Topic 90,"welcome: 0.25953, businessman: 0.06284, devastating: 0.06273, rebuild: 0.0536, palm: 0.04488, resort: 0.04335, outcome: 0.03927, replacement: 0.03919, expedition: 0.03249, chose: 0.02702"
Topic 91,"running: 0.2348, department: 0.14324, city: 0.13294, option: 0.05066, crash: 0.04805, obstruct: 0.04433, february: 0.04297, town: 0.03753, author: 0.03411, receiving: 0.02866"
Topic 92,"illegal: 0.33472, understand: 0.09352, gave: 0.08917, thousand: 0.08108, waiting: 0.0485, train: 0.04741, majority: 0.04358, joining: 0.02341, mccarthy: 0.02309, vast: 0.01564"
Topic 93,"washington: 0.28199, play: 0.14823, sound: 0.06188, discussing: 0.04758, saudi: 0.03436, argument: 0.0316, greg: 0.02986, harder: 0.02544, foolish: 0.02526, deepest: 0.02282"
Topic 94,"intelligence: 0.26896, action: 0.23492, most: 0.0498, cute: 0.03343, christian: 0.03272, culture: 0.02778, lottery: 0.02618, returning: 0.02586, oversight: 0.02297, lesson: 0.02266"
Topic 95,"http: 0.66783, thank: 0.20121, senate: 0.03834, crook: 0.03671, short: 0.01174, small: 0.00911, caus: 0.00365, prescription: 0.00365, frank: 0.00209, debbie: 0.00208"
Topic 96,"support: 0.32054, bring: 0.15428, healthcare: 0.08759, raise: 0.05516, private: 0.04063, caliphate: 0.03493, dealing: 0.03147, strategy: 0.01994, ship: 0.01888, await: 0.01405"
Topic 97,"congressman: 0.31433, cash: 0.05244, commerce: 0.04336, increasing: 0.04161, defender: 0.03934, scheme: 0.03755, antonio: 0.0332, broadcast: 0.02815, blatant: 0.02763, thoma: 0.02601"
Topic 98,"countrie: 0.22564, interest: 0.13208, expect: 0.09153, individual: 0.03733, imagine: 0.03504, firefighter: 0.03239, location: 0.02958, investment: 0.02651, difficult: 0.02587, negotiator: 0.02072"
Topic 99,"alway: 0.43911, champion: 0.11364, asking: 0.10934, jerry: 0.05958, colorado: 0.03807, warm: 0.02486, bilateral: 0.02096, overthrow: 0.01508, epic: 0.01337, skin: 0.01204"
Topic 100,"hope: 0.25094, point: 0.22375, conference: 0.09024, message: 0.07643, harassment: 0.07114, mcconnell: 0.04392, checker: 0.02714, stolen: 0.02253, momentum: 0.01574, wishing: 0.01355"
Topic 101,"beat: 0.19046, sense: 0.14523, announcement: 0.09785, occasion: 0.05629, contact: 0.05421, disruption: 0.04253, delusion: 0.04205, stood: 0.03621, territory: 0.03423, overall: 0.02748"
Topic 102,"month: 0.17134, page: 0.14853, increase: 0.09007, terrorist: 0.06871, club: 0.06123, guard: 0.04877, wast: 0.04515, travel: 0.03737, zone: 0.03466, allowing: 0.02998"
Topic 103,"house: 0.39194, white: 0.19777, committee: 0.11881, familie: 0.08278, ticket: 0.03542, unprecedent: 0.03415, opportunity: 0.03379, sold: 0.01403, fentanyl: 0.01167, pittsburgh: 0.01152"
Topic 104,"campaign: 0.39921, false: 0.11957, absolute: 0.1156, negative: 0.06654, chang: 0.04537, stuff: 0.0343, wise: 0.02253, netanyahu: 0.01839, flying: 0.01752, losse: 0.0153"
Topic 105,"statement: 0.21938, longer: 0.12314, recent: 0.09347, view: 0.05044, planning: 0.03655, expand: 0.03609, polling: 0.03202, card: 0.03, rich: 0.02974, rock: 0.02959"
Topic 106,"government: 0.22761, stand: 0.17718, federal: 0.16167, issue: 0.09465, fund: 0.04151, dirty: 0.03684, agricultural: 0.029, influence: 0.02022, horowitz: 0.0186, prez: 0.01651"
Topic 107,"well: 0.20797, left: 0.15585, justice: 0.10819, radical: 0.09208, actual: 0.07915, elect: 0.06073, source: 0.05614, possible: 0.05328, sleepy: 0.03298, anywhere: 0.02563"
Topic 108,"trade: 0.22476, strong: 0.22036, economy: 0.20139, order: 0.09777, second: 0.06976, amendment: 0.05503, seeing: 0.0419, moon: 0.01286, misdemeanor: 0.01085, abortion: 0.00937"
Topic 109,"knew: 0.19324, rule: 0.13985, clas: 0.08489, pouring: 0.07159, whether: 0.06434, predict: 0.05553, impossible: 0.03245, match: 0.03175, decide: 0.03044, restore: 0.02823"
Topic 110,"hunt: 0.24071, witch: 0.23921, tariff: 0.18994, mark: 0.07876, judge: 0.07448, ending: 0.02916, present: 0.029, ford: 0.01525, allegation: 0.01431, revenue: 0.00801"
Topic 111,"massive: 0.17486, question: 0.12792, answer: 0.06932, rest: 0.06389, hundred: 0.04976, elizabeth: 0.04632, rais: 0.04411, board: 0.0352, hunter: 0.02713, august: 0.02483"
Topic 112,"iran: 0.2304, speak: 0.11383, nuclear: 0.08881, creat: 0.07779, proposal: 0.0586, pass: 0.05655, trillion: 0.03758, doral: 0.03315, journalism: 0.03207, compromise: 0.02805"
Topic 113,"china: 0.29083, made: 0.25152, talk: 0.12533, enjoy: 0.09312, director: 0.04436, progres: 0.04404, share: 0.01843, trouble: 0.01693, amnesty: 0.01481, journalist: 0.01081"
Topic 114,"chief: 0.09622, outstanding: 0.09456, thinking: 0.09288, position: 0.06191, touch: 0.03584, pace: 0.03126, worry: 0.03092, hack: 0.02756, congratulate: 0.02707, carter: 0.02272"
Topic 115,"maybe: 0.10171, certain: 0.09813, learn: 0.09182, defense: 0.08845, loophole: 0.06581, productive: 0.05764, repeal: 0.05473, section: 0.053, danny: 0.02189, dress: 0.01918"
Topic 116,"leave: 0.12912, lead: 0.11985, testimony: 0.11238, fisa: 0.06565, apologize: 0.05867, company: 0.05387, reagan: 0.04739, professional: 0.04044, telling: 0.04029, living: 0.02993"
Topic 117,"lawyer: 0.14194, fair: 0.14133, taking: 0.12695, free: 0.10124, bernie: 0.0777, necessary: 0.05405, sander: 0.05198, opposite: 0.0398, super: 0.0394, pete: 0.0165"
Topic 118,"even: 0.48371, hand: 0.06702, hater: 0.04577, tweet: 0.03784, counsel: 0.03056, hall: 0.02571, subpoena: 0.02533, farm: 0.02453, complet: 0.02047, prosecutor: 0.01999"
Topic 119,"trump: 0.81179, charge: 0.03475, conversation: 0.02773, write: 0.02326, clue: 0.01487, incompetent: 0.01336, rank: 0.00693, surprising: 0.0049, dumping: 0.00408, censorship: 0.00356"
Topic 120,"jame: 0.174, former: 0.12961, mccabe: 0.1272, andrew: 0.11196, fool: 0.05862, dumb: 0.04826, mouth: 0.03349, reality: 0.032, army: 0.03146, compete: 0.02686"
Topic 121,"every: 0.31366, successful: 0.14496, season: 0.0706, social: 0.05809, sometime: 0.04293, departing: 0.02285, exchange: 0.02077, monitoring: 0.01994, thrive: 0.01949, felt: 0.01634"
Topic 122,"broken: 0.12754, fine: 0.09902, soooo: 0.08744, nadler: 0.08635, flooding: 0.06396, apprehend: 0.06026, provide: 0.05045, strange: 0.04061, background: 0.0377, theme: 0.03044"
Topic 123,"week: 0.2529, obstruction: 0.1249, mean: 0.09251, direct: 0.05654, rico: 0.0535, confirm: 0.05056, held: 0.04279, television: 0.03731, earlier: 0.0283, jack: 0.02224"
Topic 124,"market: 0.24591, different: 0.12297, worth: 0.06546, mile: 0.05832, opening: 0.05285, hell: 0.05265, nasty: 0.03092, nominee: 0.02804, supporting: 0.02754, ocean: 0.02016"
Topic 125,"whitehouse: 0.3062, came: 0.0626, trial: 0.04118, setting: 0.03867, hotel: 0.03836, executive: 0.03476, paul: 0.03205, generation: 0.02548, holding: 0.02363, glad: 0.02231"
Topic 126,"impeachment: 0.2916, women: 0.16539, giving: 0.06757, demand: 0.04796, graham: 0.04655, leak: 0.04275, rubio: 0.0419, fusion: 0.02489, prove: 0.0201, maduro: 0.01983"
Topic 127,"true: 0.30416, making: 0.23999, saying: 0.13978, dorian: 0.06228, except: 0.0603, young: 0.05023, test: 0.03109, ongoing: 0.0135, insist: 0.00733, deplorable: 0.00674"
Topic 128,"comey: 0.466, turkey: 0.17744, stick: 0.03928, embarrass: 0.03201, krauthammer: 0.01866, terrence: 0.01787, industrial: 0.01579, johnny: 0.01534, crushing: 0.01363, kellyanne: 0.0119"
Topic 129,"figure: 0.08787, reading: 0.08638, currency: 0.08332, budget: 0.08282, bust: 0.07283, sheriff: 0.06274, tech: 0.05614, passion: 0.04412, tear: 0.03937, sector: 0.03627"
Topic 130,"maga: 0.22955, almost: 0.16028, pres: 0.12279, summit: 0.06891, instead: 0.0603, street: 0.05822, reporter: 0.05554, showing: 0.04426, brett: 0.02082, beto: 0.0121"
Topic 131,"potu: 0.27429, coverage: 0.09432, either: 0.09061, speaker: 0.07539, regime: 0.0465, self: 0.04645, pastor: 0.02966, kidding: 0.0228, runoff: 0.02197, hanoi: 0.02185"
Topic 132,"call: 0.22885, hillary: 0.20954, clinton: 0.16991, hoax: 0.06899, canada: 0.03091, disgrace: 0.02924, phone: 0.02858, losing: 0.02459, perfect: 0.02023, knowing: 0.01913"
Topic 133,"light: 0.09762, remove: 0.08759, korean: 0.06018, seal: 0.05544, definite: 0.05428, coalition: 0.05399, pacific: 0.05216, hating: 0.04162, ruling: 0.04101, recipient: 0.03766"
Topic 134,"florida: 0.23449, incredible: 0.19797, veteran: 0.12166, scott: 0.05304, greta: 0.03878, navy: 0.03669, franklin: 0.0274, mexican: 0.0245, limit: 0.02405, switzerland: 0.01514"
Topic 135,"yesterday: 0.28796, cover: 0.15226, save: 0.11435, name: 0.1005, constitution: 0.04958, easier: 0.03561, anchor: 0.0295, safer: 0.02883, independence: 0.02688, calm: 0.02634"
Topic 136,"partner: 0.26948, topic: 0.08918, harri: 0.05954, toyota: 0.04292, creation: 0.04218, yeah: 0.03875, accord: 0.03547, motivation: 0.03252, creative: 0.01685, terrorist: 0.00673"
Topic 137,"together: 0.24525, russian: 0.17876, respect: 0.17563, truth: 0.11271, leading: 0.04586, thursday: 0.03059, extension: 0.01547, aware: 0.01361, japanese: 0.01199, enduring: 0.00916"
Topic 138,"never: 0.48053, take: 0.19364, thought: 0.08851, away: 0.05997, freedom: 0.04996, attorney: 0.037, scene: 0.00994, cancel: 0.0089, abandon: 0.00715, animal: 0.00644"
Topic 139,"special: 0.2284, immediate: 0.13984, least: 0.0987, shooting: 0.07558, nafta: 0.07286, representing: 0.04372, transparency: 0.03925, headline: 0.03923, refusing: 0.02594, category: 0.02532"
Topic 140,"bank: 0.13119, pray: 0.08228, appropriate: 0.0809, overflow: 0.06624, optimism: 0.06239, kansa: 0.0572, dirt: 0.04521, assist: 0.04437, corey: 0.037, gathering: 0.03421"
Topic 141,"biden: 0.26747, potential: 0.17708, check: 0.11214, georgia: 0.0715, session: 0.05446, burr: 0.04537, davi: 0.03098, jersey: 0.02214, port: 0.01952, todd: 0.01746"
Topic 142,"many: 0.35024, dollar: 0.13173, million: 0.10413, paid: 0.06705, failing: 0.04334, quick: 0.0427, angry: 0.03843, reporting: 0.03821, alien: 0.02473, wrote: 0.01887"
Topic 143,"rating: 0.22445, approval: 0.1469, heading: 0.12583, seem: 0.08868, puerto: 0.05955, tennessee: 0.04825, whose: 0.04275, path: 0.0332, venezuelan: 0.03204, file: 0.02604"
Topic 144,"getting: 0.21146, place: 0.13866, trying: 0.12609, without: 0.12552, took: 0.08371, current: 0.05735, caught: 0.05022, sick: 0.02763, joke: 0.0244, embassy: 0.02064"
Topic 145,"open: 0.25761, given: 0.11696, scam: 0.08171, racist: 0.05159, warren: 0.04946, investigate: 0.04475, field: 0.03495, turning: 0.03329, management: 0.02998, powell: 0.0253"
Topic 146,"announce: 0.12005, effort: 0.11254, pleas: 0.09851, proven: 0.06868, strength: 0.05117, college: 0.04218, handl: 0.03029, testifying: 0.02992, horrific: 0.02889, drone: 0.02574"
Topic 147,"billion: 0.33755, soon: 0.2656, talent: 0.0808, positive: 0.05337, wound: 0.05055, tiger: 0.05025, regan: 0.0134, radio: 0.01082, wacky: 0.01069, nypd: 0.00844"
Topic 148,"wall: 0.31533, done: 0.24403, history: 0.16094, biggest: 0.05239, force: 0.03792, proces: 0.03655, regulation: 0.02234, mitch: 0.01676, wanting: 0.01501, rebuilding: 0.01041"
Topic 149,"form: 0.1754, attempt: 0.14193, enter: 0.13653, joint: 0.09295, bann: 0.03853, subsidize: 0.03043, jupiter: 0.02809, unsafe: 0.02542, shake: 0.02045, flunky: 0.01966"
Topic 150,"american: 0.48857, unemployment: 0.06927, public: 0.04797, reform: 0.03816, african: 0.03545, lying: 0.03442, line: 0.02974, hispanic: 0.02963, birthday: 0.02671, european: 0.02479"
Topic 151,"care: 0.23933, crazy: 0.19919, deserve: 0.1128, group: 0.11019, hospital: 0.04147, treasury: 0.03483, gift: 0.03204, trie: 0.02345, marc: 0.0172, possibility: 0.01396"
Topic 152,"spoke: 0.29468, awesome: 0.10056, allie: 0.05365, bible: 0.0402, overdue: 0.03063, benjamin: 0.02249, demanding: 0.02102, region: 0.01879, youtube: 0.01867, teen: 0.01863"
Topic 153,"stop: 0.40799, anti: 0.10369, finish: 0.05833, defeat: 0.03882, swamp: 0.03592, faster: 0.02913, delivering: 0.02835, bahama: 0.02182, hitting: 0.01935, drain: 0.01827"
Topic 154,"schiff: 0.30215, unfair: 0.13883, whole: 0.08494, step: 0.07693, victim: 0.0666, terrorism: 0.03724, leaking: 0.02742, production: 0.02243, mission: 0.01882, kerry: 0.01801"
Topic 155,"tough: 0.15689, prime: 0.14267, prayer: 0.10209, tuesday: 0.09088, flag: 0.05616, amazon: 0.05142, discredit: 0.04949, pick: 0.04702, grateful: 0.03804, india: 0.02345"
Topic 156,"governor: 0.2413, easy: 0.11169, breaking: 0.09393, within: 0.06712, account: 0.05735, impact: 0.04879, confidence: 0.04501, surprise: 0.04003, county: 0.03191, following: 0.02966"
Topic 157,"talking: 0.1676, leaving: 0.15343, though: 0.11076, prior: 0.05439, protest: 0.04046, medal: 0.0397, risk: 0.03438, migrant: 0.03099, alert: 0.02993, poland: 0.02243"
Topic 158,"money: 0.2603, start: 0.199, proud: 0.13249, game: 0.11279, product: 0.07575, pushing: 0.02601, slow: 0.0242, five: 0.01985, carson: 0.01675, hence: 0.01377"
Topic 159,"list: 0.13496, everybody: 0.1077, community: 0.08553, black: 0.08286, owner: 0.04703, judgement: 0.04499, thankful: 0.03653, cabinet: 0.03398, egypt: 0.03246, alive: 0.03038"
Topic 160,"coming: 0.26728, nice: 0.17312, hour: 0.10977, agent: 0.09776, chance: 0.08021, hopeful: 0.06442, jeff: 0.05206, pari: 0.02531, effective: 0.01782, phase: 0.01683"
Topic 161,"people: 0.68863, safe: 0.05433, service: 0.05159, moving: 0.02429, funding: 0.02385, keeping: 0.01962, afghanistan: 0.01805, fought: 0.01667, anger: 0.01209, inauguration: 0.00972"
Topic 162,"september: 0.12169, trafficker: 0.09458, grand: 0.08669, monster: 0.05817, anytime: 0.04386, professor: 0.03953, cook: 0.03848, forecast: 0.03657, boeing: 0.03332, heather: 0.03187"
Topic 163,"near: 0.14783, credibility: 0.11252, center: 0.09955, fortune: 0.0641, memorial: 0.0599, sooo: 0.05531, site: 0.04219, salute: 0.03635, sport: 0.03622, investigator: 0.03547"
Topic 164,"corrupt: 0.32176, politician: 0.19454, discussion: 0.05043, orlando: 0.04705, william: 0.03769, turnberry: 0.03396, celebration: 0.03115, killer: 0.0255, unnecessary: 0.01904, chamber: 0.0172"
Topic 165,"weak: 0.21278, immigrant: 0.15741, star: 0.14427, opponent: 0.12225, sean: 0.03808, ineffective: 0.0355, column: 0.0298, basic: 0.02855, cancelling: 0.0174, roosevelt: 0.01394"
Topic 166,"deal: 0.37366, attack: 0.0913, smart: 0.07041, side: 0.06217, presidency: 0.03511, bipartisan: 0.03121, career: 0.02931, tower: 0.02926, democratic: 0.02775, meantime: 0.02425"
Topic 167,"presidential: 0.17501, everyone: 0.16055, along: 0.10137, race: 0.08064, kind: 0.04677, storm: 0.04223, sorry: 0.03923, accomplish: 0.03673, spirit: 0.0346, clos: 0.03265"
Topic 168,"fake: 0.26648, media: 0.22582, real: 0.21147, thing: 0.1576, gone: 0.03647, past: 0.02938, double: 0.00949, trumper: 0.00712, economical: 0.00524, hook: 0.00422"
Topic 169,"israel: 0.11225, control: 0.10847, agreement: 0.10343, robert: 0.09886, three: 0.08166, follow: 0.07584, huge: 0.05308, area: 0.03779, experience: 0.03509, display: 0.03183"
Topic 170,"killing: 0.15656, replace: 0.13131, trip: 0.08998, duty: 0.07853, ronald: 0.04336, handle: 0.04301, model: 0.0371, spot: 0.03016, dump: 0.02868, insight: 0.02408"
Topic 171,"plan: 0.20541, kill: 0.16537, choice: 0.14129, hampshire: 0.08906, steve: 0.07713, friday: 0.05199, recovery: 0.03599, boom: 0.02424, wear: 0.01948, depression: 0.01759"
Topic 172,"result: 0.21802, regarding: 0.06913, wonder: 0.06499, violation: 0.06203, appreciate: 0.06092, appoint: 0.04573, december: 0.0331, block: 0.03258, johnson: 0.03256, eventual: 0.02728"
Topic 173,"stock: 0.35244, written: 0.18435, bishop: 0.07255, pilot: 0.03085, empower: 0.02948, heavy: 0.02572, easing: 0.02549, kamala: 0.01667, weiner: 0.01492, museum: 0.01361"
Topic 174,"security: 0.40438, national: 0.27754, information: 0.08709, helping: 0.04802, include: 0.03475, martha: 0.01257, pleasure: 0.00993, tragedy: 0.00906, dumbest: 0.00885, approving: 0.0084"
Topic 175,"inaccurate: 0.11418, solve: 0.09484, murder: 0.08287, base: 0.06587, judiciary: 0.05646, lucky: 0.05044, remaining: 0.04898, newspaper: 0.04495, passage: 0.03443, mild: 0.03359"
Topic 176,"arabia: 0.12051, firm: 0.12025, utah: 0.09129, beaten: 0.04889, bridge: 0.03396, manage: 0.03239, globe: 0.03108, modi: 0.02767, apparent: 0.02729, oregon: 0.02494"
Topic 177,"sure: 0.09321, horrible: 0.0878, powerful: 0.07805, staff: 0.07576, visit: 0.07539, push: 0.05791, michigan: 0.05344, likewise: 0.04838, kurd: 0.03914, paper: 0.03609"
Topic 178,"want: 0.39431, good: 0.3019, keep: 0.10627, continue: 0.09221, inflation: 0.01539, judicial: 0.0109, kick: 0.0075, hurting: 0.00729, knee: 0.00609, larger: 0.00604"
Topic 179,"ukraine: 0.33636, damage: 0.12091, missouri: 0.06925, wake: 0.04437, boston: 0.0399, provision: 0.03583, hostile: 0.03326, bori: 0.02835, justin: 0.02001, arab: 0.01743"
Topic 180,"shutdown: 0.20095, mike: 0.15936, pence: 0.11208, promise: 0.09665, lisa: 0.06073, narrative: 0.04087, democracy: 0.03961, vice: 0.03856, incorrect: 0.02614, chair: 0.0249"
Topic 181,"total: 0.3759, complete: 0.10984, endorsement: 0.09422, virginia: 0.06894, known: 0.03909, west: 0.03832, secret: 0.02843, unlike: 0.02608, apple: 0.01607, smith: 0.01297"
Topic 182,"pelosi: 0.24045, nancy: 0.23349, cost: 0.13971, higher: 0.064, consumer: 0.04605, sham: 0.03562, lightweight: 0.02797, magnificent: 0.02148, puppet: 0.01997, pompeo: 0.01858"
Topic 183,"time: 0.42292, book: 0.08895, york: 0.08214, become: 0.0615, built: 0.05543, companie: 0.05201, decade: 0.03773, move: 0.02904, spend: 0.02128, favorite: 0.02"
Topic 184,"church: 0.07414, fracking: 0.0657, generic: 0.06409, farce: 0.04386, grief: 0.03908, fresh: 0.03548, bone: 0.03495, amer: 0.03161, cruise: 0.03051, goodwin: 0.02924"
Topic 185,"enforcement: 0.16647, japan: 0.14073, police: 0.09872, officer: 0.08917, arizona: 0.06955, legislation: 0.06689, research: 0.05546, manufacturer: 0.03539, pundit: 0.03066, napolitano: 0.01701"
Topic 186,"border: 0.64929, mexico: 0.16387, minute: 0.03668, secure: 0.03472, fighter: 0.02012, comment: 0.01857, briefing: 0.00912, billionaire: 0.00501, lunatic: 0.00482, solemn: 0.00398"
Topic 187,"president: 0.77444, record: 0.13441, term: 0.03696, achievement: 0.01026, station: 0.00674, capital: 0.0058, dose: 0.0019, helm: 0.00176, beijing: 0.00097, westchester: 0.00085"
Topic 188,"fail: 0.20767, succes: 0.16472, hurt: 0.08828, paso: 0.06567, water: 0.0609, exclusive: 0.0327, donor: 0.02852, pretty: 0.02442, labor: 0.02433, remind: 0.02217"
Topic 189,"forward: 0.34442, worse: 0.1513, turn: 0.14991, steele: 0.05676, grant: 0.03282, cast: 0.01828, league: 0.01793, count: 0.01623, size: 0.01608, pentagon: 0.01132"
Topic 190,"straight: 0.17167, sworn: 0.12053, latin: 0.06898, shelter: 0.06423, hateful: 0.04233, mida: 0.04023, regular: 0.03067, weaker: 0.02984, faker: 0.02428, withheld: 0.02332"
Topic 191,"come: 0.21115, senator: 0.14517, close: 0.10216, next: 0.10113, candidate: 0.08441, find: 0.07497, spending: 0.05896, politic: 0.05392, became: 0.02477, council: 0.01618"
Topic 192,"today: 0.427, another: 0.12559, friend: 0.10292, full: 0.0822, historic: 0.05974, peace: 0.03828, agre: 0.03581, middle: 0.03281, east: 0.02801, pricing: 0.00796"
Topic 193,"member: 0.21375, hear: 0.13828, oval: 0.08575, anymore: 0.06955, giant: 0.04747, debt: 0.04694, celebrating: 0.03854, omar: 0.03709, ryan: 0.02913, threatening: 0.01919"
Topic 194,"donald: 0.3154, trump: 0.2918, amazing: 0.13634, golf: 0.06357, spent: 0.05019, pressure: 0.03348, eastern: 0.02138, nasdaq: 0.00825, vince: 0.00649, mario: 0.00453"
Topic 195,"relationship: 0.28173, claim: 0.23292, original: 0.09879, heat: 0.02795, introducing: 0.02757, ring: 0.0249, medication: 0.02398, agreeing: 0.02188, donnell: 0.02142, everlasting: 0.01595"
Topic 196,"like: 0.4228, look: 0.29088, system: 0.06564, happening: 0.06279, outside: 0.03485, trafficking: 0.03058, missing: 0.0139, mother: 0.01171, andy: 0.01102, mourn: 0.00744"
Topic 197,"head: 0.2401, district: 0.13484, becoming: 0.12801, example: 0.06696, critical: 0.04866, hanson: 0.0397, commit: 0.03318, shirt: 0.0274, cabal: 0.02697, foxconn: 0.02635"
Topic 198,"know: 0.3715, show: 0.28626, terrible: 0.09831, disaster: 0.07711, ahead: 0.03223, iraq: 0.02612, schedule: 0.01227, covering: 0.01088, handling: 0.00857, dopey: 0.00765"
Topic 199,"state: 0.4633, unit: 0.25933, court: 0.08375, supreme: 0.03856, abuse: 0.03576, serve: 0.02203, march: 0.01645, arrest: 0.01564, complain: 0.00754, comparison: 0.00733"
