Topic 0,"illegal: 0.1825, immigration: 0.10874, justice: 0.08817, change: 0.07112, power: 0.05584, department: 0.03735, fire: 0.03609, three: 0.03235, release: 0.02814, chief: 0.02577"
Topic 1,"real: 0.21315, money: 0.10571, korea: 0.07554, wrong: 0.07062, paid: 0.0587, south: 0.0433, tough: 0.04238, smart: 0.0375, virginia: 0.03289, past: 0.02968"
Topic 2,"alway: 0.15161, problem: 0.10845, happy: 0.10275, everything: 0.07816, play: 0.06363, politic: 0.0481, someone: 0.03617, standard: 0.03474, student: 0.02869, birthday: 0.02767"
Topic 3,"election: 0.18526, trying: 0.06947, criminal: 0.06234, word: 0.0607, terrible: 0.05433, cannot: 0.04419, understand: 0.04322, destroy: 0.03991, reporting: 0.03921, knew: 0.03815"
Topic 4,"bill: 0.2005, gang: 0.05122, inform: 0.04656, troop: 0.04004, late: 0.03904, wrote: 0.03834, saturday: 0.03824, lover: 0.03589, leading: 0.03421, bias: 0.02989"
Topic 5,"never: 0.34213, give: 0.10668, economic: 0.07045, race: 0.04101, pennsylvania: 0.04074, source: 0.04074, voting: 0.03524, bernie: 0.02729, creat: 0.02694, sander: 0.01856"
Topic 6,"continue: 0.10962, place: 0.0948, beautiful: 0.08114, taken: 0.05602, failing: 0.05521, system: 0.05046, meet: 0.04514, staff: 0.03625, spent: 0.03377, group: 0.03207"
Topic 7,"interview: 0.11334, schiff: 0.105, statement: 0.07195, enjoy: 0.07153, adam: 0.05623, took: 0.04979, storie: 0.04696, politician: 0.04654, chairman: 0.04126, desperate: 0.03959"
Topic 8,"time: 0.31127, since: 0.07062, york: 0.06047, market: 0.05122, morning: 0.04693, stock: 0.03577, fair: 0.03474, page: 0.03406, issue: 0.02487, charge: 0.02396"
Topic 9,"like: 0.2235, look: 0.15382, forward: 0.09392, countrie: 0.07189, major: 0.04678, despite: 0.04641, went: 0.03083, welcome: 0.02884, david: 0.02322, idea: 0.02087"
Topic 10,"border: 0.27208, crime: 0.10635, strong: 0.08029, military: 0.0749, story: 0.05035, talk: 0.04849, including: 0.04812, amazing: 0.03985, anything: 0.03476, incredible: 0.03337"
Topic 11,"first: 0.14313, dollar: 0.10556, tariff: 0.07894, sign: 0.05766, without: 0.05397, order: 0.05157, future: 0.04583, companie: 0.04144, find: 0.0378, energy: 0.0348"
Topic 12,"trump: 0.37641, president: 0.32321, donald: 0.06903, other: 0.03819, elect: 0.01716, melania: 0.01338, hurt: 0.01026, putting: 0.01001, peter: 0.00974, presidency: 0.00888"
Topic 13,"even: 0.19815, well: 0.11672, better: 0.10331, case: 0.05872, close: 0.05305, little: 0.0501, truth: 0.03342, veteran: 0.03056, weak: 0.0283, healthcare: 0.02809"
Topic 14,"good: 0.22804, house: 0.16922, white: 0.08538, true: 0.08416, looking: 0.08348, member: 0.04493, leaving: 0.03303, short: 0.0278, relationship: 0.02545, director: 0.02473"
Topic 15,"drug: 0.11032, coming: 0.1041, remember: 0.06416, pres: 0.04605, price: 0.04527, historic: 0.04393, israel: 0.03698, cover: 0.03682, speak: 0.03604, hate: 0.03483"
Topic 16,"fake: 0.20545, media: 0.17407, report: 0.10893, poll: 0.07885, everyone: 0.05066, office: 0.04956, corrupt: 0.04652, post: 0.03397, information: 0.02749, course: 0.0264"
Topic 17,"leader: 0.10962, potu: 0.07408, something: 0.06335, running: 0.058, question: 0.05217, quick: 0.04811, given: 0.04423, judge: 0.04396, horrible: 0.03804, powerful: 0.03412"
Topic 18,"year: 0.23274, many: 0.18867, thing: 0.09721, last: 0.08949, night: 0.06167, fantastic: 0.03147, schumer: 0.02348, hour: 0.02308, taking: 0.02262, easy: 0.02007"
Topic 19,"great: 0.44535, people: 0.23329, vote: 0.08567, work: 0.07849, tonight: 0.04224, join: 0.02532, worse: 0.01797, turn: 0.01779, hand: 0.01268, negative: 0.00912"
Topic 20,"know: 0.1728, think: 0.10896, presidential: 0.07127, final: 0.05854, reason: 0.05381, tell: 0.0418, voter: 0.04106, anyone: 0.03935, jordan: 0.03819, false: 0.03721"
Topic 21,"deal: 0.19837, security: 0.16644, trade: 0.12916, economy: 0.11567, fighting: 0.04421, successful: 0.03553, term: 0.03272, public: 0.03136, lowest: 0.02919, lying: 0.02285"
Topic 22,"important: 0.13924, friend: 0.10965, allow: 0.10792, familie: 0.06391, minister: 0.06335, prime: 0.0631, citizen: 0.05345, agre: 0.03819, nobody: 0.03295, wisconsin: 0.03225"
Topic 23,"country: 0.28688, going: 0.13969, meeting: 0.0875, getting: 0.05296, need: 0.05062, team: 0.04722, already: 0.04368, fast: 0.03552, speech: 0.03307, winning: 0.02626"
Topic 24,"support: 0.10461, congres: 0.09849, help: 0.09413, keep: 0.08342, proud: 0.05167, ready: 0.04977, around: 0.04273, safe: 0.0406, service: 0.03858, entire: 0.03852"
Topic 25,"wall: 0.17239, total: 0.1221, love: 0.09958, working: 0.0874, hard: 0.08202, complete: 0.03569, build: 0.03199, endorsement: 0.0306, farmer: 0.03023, second: 0.02736"
Topic 26,"history: 0.15332, ever: 0.1272, left: 0.10988, next: 0.06589, radical: 0.06488, greatest: 0.05861, biggest: 0.0499, worst: 0.03458, demand: 0.02316, officer: 0.02296"
Topic 27,"best: 0.15982, come: 0.13782, book: 0.09159, full: 0.06288, stat: 0.04568, michael: 0.04185, ever: 0.04055, side: 0.03932, human: 0.03354, progres: 0.03201"
Topic 28,"today: 0.33737, watch: 0.15025, force: 0.03746, champion: 0.02975, apprentice: 0.02886, summit: 0.02734, follow: 0.02687, coverage: 0.02377, serve: 0.01926, sunday: 0.01713"
Topic 29,"state: 0.26585, unit: 0.1488, fact: 0.09343, government: 0.05545, stand: 0.04317, federal: 0.03941, mike: 0.03376, evidence: 0.03224, hear: 0.02473, pence: 0.02374"
Topic 30,"hillary: 0.11725, clinton: 0.09507, campaign: 0.09479, making: 0.05417, busines: 0.04367, worker: 0.03757, month: 0.03524, seen: 0.03261, hurricane: 0.02717, spending: 0.02418"
Topic 31,"back: 0.21597, show: 0.12417, russia: 0.11556, russian: 0.0514, please: 0.05135, almost: 0.04854, bring: 0.0483, debate: 0.04494, thousand: 0.02973, patriot: 0.0222"
Topic 32,"made: 0.16989, national: 0.12653, governor: 0.07788, part: 0.06321, unemployment: 0.05015, secretary: 0.04458, action: 0.04161, absolute: 0.04023, cruz: 0.03859, choice: 0.03073"
Topic 33,"much: 0.21331, long: 0.09417, million: 0.08123, another: 0.07206, iran: 0.05758, respect: 0.0492, become: 0.04751, watching: 0.03154, kill: 0.02899, expect: 0.02562"
Topic 34,"call: 0.16408, obama: 0.152, impeachment: 0.11432, biden: 0.05499, hoax: 0.0496, obstruction: 0.03894, ukraine: 0.03757, highest: 0.03513, former: 0.03301, treat: 0.03084"
Topic 35,"number: 0.12508, record: 0.12446, high: 0.12138, committee: 0.05848, massive: 0.05788, still: 0.04928, result: 0.04432, disaster: 0.03827, victory: 0.03083, legal: 0.02742"
Topic 36,"right: 0.23697, lost: 0.10205, building: 0.0635, venezuela: 0.05107, primary: 0.03472, outside: 0.03366, opponent: 0.03215, single: 0.02923, room: 0.02878, finish: 0.0286"
Topic 37,"china: 0.16478, mexico: 0.10059, stop: 0.09913, north: 0.09632, every: 0.07216, tomorrow: 0.05887, carolina: 0.05338, protect: 0.05308, large: 0.03027, abuse: 0.02435"
Topic 38,"billion: 0.12461, honor: 0.11798, southern: 0.10474, hope: 0.07007, general: 0.06217, special: 0.05409, angry: 0.03879, event: 0.03779, different: 0.03501, attorney: 0.02468"
Topic 39,"hunt: 0.12662, witch: 0.12582, washington: 0.08679, court: 0.07079, read: 0.06702, leadership: 0.05122, lawyer: 0.04762, mark: 0.04149, decision: 0.0394, supreme: 0.03259"
Topic 40,"believe: 0.09302, florida: 0.08095, yesterday: 0.07908, fight: 0.07141, point: 0.07032, life: 0.06772, union: 0.04153, freedom: 0.03746, anti: 0.03523, though: 0.03383"
Topic 41,"want: 0.25183, open: 0.05861, political: 0.05418, comey: 0.05321, california: 0.03821, built: 0.03769, actual: 0.03684, candidate: 0.0363, jame: 0.03588, game: 0.03586"
Topic 42,"done: 0.20214, nothing: 0.16508, senator: 0.08229, wonderful: 0.06574, attack: 0.05008, home: 0.04879, plan: 0.04163, dishonest: 0.04036, stay: 0.0344, reform: 0.02573"
Topic 43,"democrat: 0.35723, republican: 0.16725, party: 0.07564, senate: 0.07068, rating: 0.04676, approval: 0.0306, potential: 0.02698, possible: 0.02255, loser: 0.01732, alabama: 0.01673"
Topic 44,"happen: 0.15474, pelosi: 0.12513, nancy: 0.12155, person: 0.06764, crazy: 0.06217, especial: 0.05614, fraud: 0.0462, forget: 0.03796, caught: 0.03681, disgrace: 0.0333"
Topic 45,"america: 0.26217, make: 0.21423, world: 0.1238, together: 0.06863, rate: 0.04478, else: 0.03937, interest: 0.03745, sure: 0.02767, using: 0.01738, death: 0.01551"
Topic 46,"thought: 0.08225, care: 0.07695, saying: 0.06729, along: 0.06728, unfair: 0.06165, heading: 0.05932, control: 0.05037, children: 0.03809, november: 0.03378, liberal: 0.031"
Topic 47,"whitehouse: 0.13293, take: 0.10792, nation: 0.08886, live: 0.08347, soon: 0.08243, agree: 0.04321, official: 0.0394, talking: 0.03803, gave: 0.03426, stronger: 0.02926"
Topic 48,"week: 0.11609, start: 0.11394, john: 0.09574, women: 0.09489, crowd: 0.07482, spoke: 0.05225, foreign: 0.04004, policy: 0.03976, testimony: 0.03637, starting: 0.02727"
Topic 49,"http: 0.5987, thank: 0.18039, american: 0.11057, maga: 0.0261, nice: 0.02045, bles: 0.00872, georgia: 0.0053, private: 0.00478, trust: 0.00436, fund: 0.00432"
