,0,1,2,3,4,5,6,7,8,9,10,11,12,13,14,15,16,17,18,19,20,21,22,23,24,25,26,27,28,29,30,31,32,33,34,35,36,37,38,39,40,41,42,43,44,45,46,47,48,49,50,51,52,53,54,55,56,57,58,59,60,61,62,63,64,65,66,67,68,69,70,71,72,73,74,75,76,77,78,79,80,81,82,83,84,85,86,87,88,89,90,91,92,93,94,95,96,97,98,99,100,101,102,103,104,105,106,107,108,109,110,111,112,113,114,115,116,117,118,119,120,121,122,123,124,125,126,127,128,129,130,131,132,133,134,135,136,137,138,139,140,141,142,143,144,145,146,147,148,149,150,151,152,153,154,155,156,157,158,159,160,161,162,163,164,165,166,167,168,169,170,171,172,173,174,175,176,177,178,179,180,181,182,183,184,185,186,187,188,189,190,191,192,193,194,195,196,197,198,199
0,micro,ieee,energy,fancy,soon,street,north,hate,know,problem,germany,genocide,radar,messiah,sherman,publisher,cage,andy,wheel,patrol,bolshevik,interrupt,baud,thermal,chip,video,spline,market,allocation,anger,learn,drug,indiana,bolshevik,meaning,blade,engine,binding,dying,evidence,string,russell,incremental,berry,logical,arrest,muslim,live,steal,instrument,flow,rabin,paradox,digest,orbit,moment,segment,shell,packaging,progressive,atom,nutrition,sexual,flight,output,response,program,bayonet,child,miami,sensitive,twice,display,vehicle,snow,tech,external,round,switzerland,brave,music,shotgun,water,city,treatment,sanderson,system,mail,computer,gene,leak,file,imam,prof,atheism,agnostic,poster,data,weight,second,heel,british,took,season,fire,nose,pregnancy,praying,mistaken,austin,negative,region,original,pitcher,face,sticker,jesu,brake,official,university,rectangular,support,motorola,date,neutral,proof,assault,push,occurrence,garbage,austin,plane,obligation,base,manual,harvard,declare,sony,lewi,pope,recipe,void,contact,keyword,higher,current,uiuc,brother,francisco,setting,universe,cheaper,arrest,orientation,driving,state,pursuant,installation,outlet,mamma,built,jumper,post,radar,jose,alliance,wife,bounce,comic,loop,weird,list,nixon,green,issuing,instruction,dont,reset,sunday,executive,eternal,thoma,answer,spherical,interference,fold,dalla,angola,lyme,paid,formal,army,converter,master,firm,factory,period,selection,formula,responding
1,workshop,label,reserve,valley,surrender,rockefeller,manual,prayer,make,solution,german,turk,thier,mary,wash,clutch,drink,rush,yeah,hare,address,modem,super,corvette,clipper,believing,vitamin,newsletter,pascal,declare,indirect,hudson,path,activist,human,women,seat,ncsl,stack,prophecy,character,creat,heck,aclu,cant,english,catch,people,crash,imagin,prong,spell,tumor,desktop,nasa,variation,sheet,finger,trade,uucp,height,diet,women,crew,null,seagate,window,verbal,parent,term,trigger,drag,rating,thank,inkjet,amend,hard,year,norway,regard,classic,jewish,japanese,lost,risk,ranger,none,artificial,prepare,yeast,tamu,format,frame,lunch,existence,solder,liturgy,high,blank,amendment,northern,western,start,hockey,plenty,record,shape,wisdom,king,kermit,observation,code,includ,runner,forget,tendency,scripture,mustang,according,associate,benefactor,exist,sisera,entry,statistic,caus,search,pair,cash,caught,reagan,circle,straw,picture,heritage,echo,beat,accelerator,center,catholic,joke,directory,edition,lane,swap,gain,michael,money,intelligence,straight,dark,chapter,serie,contest,state,program,breton,goaltender,wiring,carbine,grey,switch,group,einstein,swing,bosnia,door,southern,appearance,warning,roof,message,shame,linux,kinda,vatican,buck,true,report,defense,robert,naval,question,primary,cutting,expecting,draft,matrix,confusion,best,celebrate,battle,mobile,blade,profit,lock,leaf,application,espn,penalty
2,igor,permission,please,signal,advertising,plug,apartment,desire,time,monochrome,communist,population,lunatic,explanation,assistance,crack,flat,wrath,mount,proceed,uniform,printer,ticket,sosa,public,driver,female,review,infinite,hell,touch,premise,local,plastic,objective,azerbaijani,formula,chunk,seagate,springfield,title,bell,scare,duty,stacker,writing,islamic,right,fraud,scam,malaria,genesi,samuel,motorola,mission,greek,jame,eisa,respond,rich,explosive,ring,word,film,analog,rice,client,stupidity,original,till,grow,reliability,host,advance,quoting,utility,arrest,major,germany,hitting,paint,peace,tower,chicago,talk,shell,prize,region,program,candida,craig,program,jerry,formula,riot,angola,referring,user,button,bear,mountain,turkish,time,player,koresh,team,knife,regarding,tonight,link,scientific,editor,price,color,journalist,larry,bible,dimension,association,institute,fitting,religion,amongst,program,note,iraqi,weapon,assuming,berlin,henrik,colorado,height,publishing,exposure,slot,outline,truck,swap,indicator,decent,siggraph,installation,paper,measure,difference,electronic,thin,food,south,cloud,serv,packaging,advice,release,option,government,residence,phenomenon,ground,mime,anymore,register,join,dale,lane,serbia,binghamton,destination,wolverine,function,dust,avail,springfield,blue,backup,bobby,company,feedback,pres,lawyer,david,doug,example,improv,salt,pardon,montreal,greeting,definite,excellent,shotgun,soldier,hath,dunno,capacity,toyota,play,quit,density,capital
3,material,includ,ability,language,bank,darren,america,evil,think,noise,cluster,aware,logical,notion,grand,london,viral,logic,tank,prey,pattern,print,stealth,camaro,privacy,color,trace,companie,trad,allah,sink,paradise,latest,mandatory,term,village,mile,brand,shirt,kinsey,repair,interview,cloth,angry,foam,text,tulsa,believe,spread,math,regard,wild,hall,intel,earth,serb,brian,hmmm,defect,internet,gamma,whaler,paul,camera,rule,flaw,widget,align,born,tune,proud,field,watching,please,figure,brain,tape,good,france,fish,additional,palestinian,nuclear,east,cause,whaler,letter,projection,disk,infection,doom,jpeg,sync,robin,orientation,rushdie,outright,avail,filter,believe,hemisphere,government,first,alien,hole,that,feeding,song,gant,copyright,research,support,cover,stolen,defending,weird,church,flash,march,professor,beer,christian,repeat,includ,stat,disease,firearm,wiretap,hawk,dose,glad,island,catalogue,expand,motherboard,redraw,pack,tube,dept,church,twist,command,college,calm,performance,electrical,nope,paying,police,dream,light,cheer,game,result,american,people,bone,bright,connect,seeing,sharp,edge,pour,detector,frank,muslim,remember,wealth,force,stole,electric,request,contempt,white,gonna,islander,ship,interface,week,supreme,chri,kevin,claim,applicant,lake,call,cesarean,summary,chain,tail,brief,scene,macedonian,size,match,laugh,vancouver,vital,noise,abiding
4,bond,inform,handbook,ordinary,gordon,unknown,private,pray,good,simm,magazine,armenian,composite,king,clinton,istanbul,biker,succes,front,applicant,talent,goaltender,generate,screw,security,mode,thumb,technology,satellite,left,muscle,storm,version,clas,calling,armenian,owner,nist,translate,claim,keyboard,mistake,entryway,recommend,delivery,book,secular,know,insulation,cape,macedonia,johnson,darren,computing,catalogue,batterie,guide,contribution,compliant,likewise,bird,gonorrhea,male,flying,build,fork,server,attacker,birth,stole,hare,development,lucifer,anyone,quot,iisi,internal,last,baby,forgot,cleaning,land,degree,audi,doctor,grave,license,pilot,machine,quack,midway,processing,movie,covering,transaction,coalition,parish,provide,muscle,bill,loving,ethnic,earth,baseball,wall,zone,garden,psalm,netter,fredericton,science,subject,sold,extra,wwii,warn,father,pocket,rome,struck,zero,bible,dogma,section,motor,theism,struck,phone,alot,skin,noise,visual,context,fluid,upgrade,adam,loud,sequence,fifth,sugar,restraint,read,object,ideal,processor,supp,cell,expensive,taste,upset,corner,event,chance,calling,national,criminal,live,visible,wire,crash,hire,wager,talk,cool,boost,button,mother,calling,silver,storage,wright,detector,hearing,utica,closer,explanation,request,scsi,washington,court,steve,scoring,wisdom,infant,fool,steel,ottawa,tone,construct,offer,commander,listserv,repost,shipp,corporation,cost,wing,root,detect,praise
5,hall,legal,efficient,retail,immoral,math,american,sinner,thing,install,abortion,muslim,baerga,grey,maria,french,tail,tree,body,nowhere,stupid,port,spot,newer,algorithm,card,macedonia,product,pointing,quotation,heat,crack,update,replace,mean,town,road,model,catch,heterosexual,define,methodology,schematic,idiot,sustain,edition,islam,want,moncton,cellular,composition,delay,isbn,colour,launch,plate,plant,novell,handling,uunet,thermal,prevent,homosexual,apart,static,vital,directory,deposit,reduction,kidding,pool,allen,jagr,mail,cancel,roster,floppy,average,championship,percent,email,israeli,temperature,boston,patient,neuron,sleep,surveillance,network,syndrome,warren,graphic,japanese,opening,theist,surgery,prone,design,horizontal,militia,dear,turkey,came,league,inside,keith,meat,antibiotic,tribe,rapid,baerga,programming,foam,walk,language,shipping,christ,interior,publish,boswell,bicycle,believe,fuck,size,shit,employer,agent,number,clayton,severe,gateway,fish,quote,typing,clone,army,fuse,theory,naval,official,lucky,utility,conference,peripheral,faster,doug,award,natural,anti,star,turkey,package,night,socket,program,citizen,renewal,scan,panel,mandatory,wagon,setting,corp,magic,rolling,twenty,room,goverment,alien,fail,protein,graphic,announcement,black,nonsense,peter,contact,device,april,trial,ohio,mark,discussion,boeing,ashe,convenient,cipher,busy,specie,sell,syrian,force,scott,comparing,service,spec,playoff,select,frequency,delay
6,greg,missing,impact,subscribe,pitt,arizona,insurance,beer,premise,networking,hitler,million,liar,answering,simon,heritage,health,limbaugh,gift,shelling,reverse,printing,gopher,verb,encryption,apple,aware,voice,captain,roman,component,productive,cica,rile,nature,kill,driving,fuse,fishing,storie,taste,knowledge,audi,motorcycle,smoking,translation,rushdie,make,advertising,prepare,slide,furnish,library,technical,space,greece,page,helmet,exist,liar,chemical,conductor,rape,mmwr,thank,clue,display,blasting,baptism,deserve,vision,physic,sport,help,wash,ashe,drive,minor,sweden,phil,mailer,arab,plant,west,medical,reactor,okay,equipment,system,nine,standpoint,vitamin,quantum,dozen,believing,inject,symbol,panel,mouse,division,binghamton,world,went,play,vehicle,score,hacker,boxe,classical,existing,cancer,motif,shipping,base,funny,remark,spirit,belt,journal,henrik,dance,belief,baptist,special,winning,glad,military,call,hanging,sick,route,width,illegal,tyre,signal,specify,neighbor,anywhere,drag,grain,desk,postscript,include,likewise,fast,circuit,mike,issuing,arrest,maine,stone,rumor,devil,boxe,president,crime,decrease,vote,tech,stage,strange,board,posting,method,cash,owen,house,custom,atom,build,treating,send,instruct,color,park,rome,bigger,adaptec,summer,johnson,andrew,pittsburgh,case,genetic,propose,intensive,defenseman,consortium,prompt,sale,georgia,georgia,direction,monday,gift,auto,shot,swap,band,contest
7,jeff,derek,solid,magazine,shameful,editorial,european,choose,real,memory,countrie,ottoman,earliest,easter,bush,pres,slave,update,regard,delegate,belong,cartridge,block,borrow,playoff,support,flexible,plenty,daniel,yassin,gang,drag,install,loose,value,people,tire,telnet,satan,review,char,depth,patriotism,broken,trick,mask,honour,think,spend,deployment,lesbian,concrete,linear,replace,satellite,battery,revis,plenty,immaculate,polygon,bomb,pushing,behavior,variation,input,rejection,using,believing,children,carter,exercise,burst,jason,know,churche,eating,scsi,statistic,canada,offense,carb,israel,fuel,baltimore,health,histogram,chronic,astronaut,software,oral,managing,color,test,thee,supporting,injection,wild,volume,plot,constitution,nose,europe,left,team,compound,fleet,samuel,timer,umpire,viru,experiment,note,sale,ball,conspiracy,wager,lord,rear,member,history,azerbaijani,faith,ignorant,return,ordnance,iraq,waco,ethernet,crush,pain,henry,draw,article,govt,item,geometry,carrying,statu,analyst,canon,sunday,beta,information,wave,clock,voltage,virginia,smart,african,thin,paying,jack,myer,compatible,unit,kill,safety,spot,metal,probability,stat,connector,newsgroup,trap,stance,filing,home,sword,appear,error,drunk,mail,struck,syndrome,track,clarke,stock,transfer,espn,randy,john,mike,fact,motion,decrease,expense,jagr,vector,mount,condition,curs,horror,people,grade,dollar,dealer,internet,shadow,catalog,death
8,larson,illegal,career,provider,skepticism,saving,public,love,like,slower,nazi,russian,carcinogenic,word,income,york,candidate,dial,imagine,correspond,media,laser,landing,tool,government,monitor,serial,development,elder,eternal,safe,alcohol,format,mexico,moral,attack,ride,callback,clothe,homosexual,line,blank,comp,empty,boot,reference,wright,utility,suppose,rile,abomination,checking,curse,virtual,planet,island,temporary,interior,philip,compact,reaction,subsequent,churche,gateway,void,arabic,application,nntp,teacher,roger,mystery,indicate,strike,email,imam,stuffit,controller,couple,announcement,rochester,thru,state,pressure,york,effect,berry,cure,aircraft,work,einstein,umpire,image,pick,tiny,atheist,indirect,partial,system,graph,right,save,russian,back,pitching,location,disappear,marina,pool,gainey,dumb,result,source,asking,pitch,bolt,photography,obligation,specie,organization,school,principal,true,conviction,byte,predict,santa,batf,vector,cruel,headache,mann,shape,silence,navy,parallel,vesa,puck,level,separation,pour,shock,file,university,invent,rate,power,strip,radio,gang,disc,production,save,bike,description,congres,control,versa,eric,somebody,font,automatic,svga,forum,bicycle,enterprise,bosnian,city,facing,isle,clinic,inexpensive,comp,lady,double,shelling,thread,order,attach,density,judge,martin,dave,many,applying,succeed,cream,pick,soft,animal,channel,nasb,blow,suit,recovery,busines,roof,goal,load,luck,punishment
