,0,1,2,3,4,5,6,7,8,9,10,11,12,13,14,15,16,17,18,19,20,21,22,23,24,25,26,27,28,29,30,31,32,33,34,35,36,37,38,39,40,41,42,43,44,45,46,47,48,49,50,51,52,53,54,55,56,57,58,59,60,61,62,63,64,65,66,67,68,69,70,71,72,73,74,75,76,77,78,79,80,81,82,83,84,85,86,87,88,89,90,91,92,93,94,95,96,97,98,99,100,101,102,103,104,105,106,107,108,109,110,111,112,113,114,115,116,117,118,119,120,121,122,123,124,125,126,127,128,129,130,131,132,133,134,135
0,play,food,shuttle,woof,israeli,manager,input,thank,secular,driver,hard,clipper,wagon,send,christian,children,encryption,super,left,evidence,advance,greek,thank,right,card,intellect,plane,heterosexual,immoral,modem,atom,dryer,religion,waving,existence,thank,protect,polite,thank,svga,baptism,criminal,please,humanism,punishment,radar,security,boulder,revolver,phone,motherboard,quayle,fatwa,cleaning,cooling,simm,paperback,marvel,market,permanent,codex,hotel,motorcycle,article,article,condition,card,convenience,treatment,dance,condition,canada,verse,wheel,bible,torah,hammer,mtct,postscript,copy,easier,system,electricity,confirm,order,sale,quicktime,mirror,window,federal,satan,phenolic,political,cost,bait,transmitter,country,nasa,outrage,crash,source,order,motif,cassette,colorado,shearson,airbag,science,munroe,scsi,warrant,polish,resident,criminal,papua,army,biker,private,john,apple,algorithm,vice,mouse,perfect,intel,liner,burkhard,regulation,search,scientific,flaming,kawasaki,running,violent,sweden,letterman
1,player,medical,nasa,paint,muslim,program,radio,ditto,genocide,deskjet,drive,government,toyota,spirit,scripture,davidian,algorithm,trade,rear,compound,mail,christian,please,firearm,mode,cadre,diamond,study,human,connect,experiment,bedroom,exist,ride,belief,convert,definition,posting,graphic,death,christ,crime,shipping,label,league,bogey,escrow,savior,quote,bush,chipset,clinton,islam,remove,floor,card,mandell,canada,debt,swap,speech,ticket,ride,buggy,post,camera,tigger,forum,health,kenny,sale,insurance,concrete,svga,grace,jesu,freq,chori,export,backup,user,unix,input,requestor,payment,garth,telnet,directory,platform,constitution,enoch,solder,secretary,elusive,pipe,quadrant,jewish,shafer,yelena,powerup,recipe,purchase,mailing,mile,partisan,serial,detector,parallelism,scsi,device,illegal,arcnet,state,weapon,ontario,bloodstream,riding,irony,natch,multisync,invention,queen,keyboard,forgive,cryptography,crash,amongst,slower,scsi,card,serv,bike,disk,wacko,refit,create
2,season,doctor,earth,cheek,intel,file,audio,subscribe,turkey,print,problem,secure,chevy,information,faith,fire,chip,offer,turn,batf,graphic,bible,mailing,weapon,diamond,gordon,code,encryption,morality,user,model,sent,achtung,bike,believe,image,right,game,animation,window,lord,police,selling,religion,killing,hypocrite,secure,netcom,shotgun,call,board,bush,shoot,rust,heat,memory,chopin,surfer,economy,free,modem,airfare,yamaha,bertrand,telepathy,strap,socket,newsgroup,medical,love,sound,care,condemnation,biker,teaching,child,graphic,nair,file,minerva,inferior,free,cold,heard,deal,chilli,composite,search,file,civil,fallen,green,briefing,chrysler,cost,receiver,israeli,dryden,apartment,memory,encryption,retail,subscribe,honda,boycott,cypher,lock,loser,acorn,interface,batf,company,license,bail,heard,testosterone,technique,possibility,ring,monitor,patent,sank,jolt,genetic,processor,head,compliant,fast,court,soundcard,casserole,asking,file,shotgun,retard,ccfa
3,hockey,disease,moon,headline,israel,application,stereo,retard,armenia,postscript,disk,crypto,wheel,list,word,batf,security,acorn,lean,fire,thank,jesu,newsgroup,batf,color,chastity,algorithm,male,insisting,baud,evidence,kitchen,believe,motorcycle,garage,jpeg,amendment,mail,looking,card,jesu,greek,mail,cult,penalty,traffic,encryption,feustel,firearm,company,slot,senate,bcci,liquid,discharge,dram,forgive,hulk,government,manager,compression,airline,thank,quoting,quote,sale,asante,propos,prevention,sale,verse,science,women,suzuki,scripture,religion,video,shod,ghostscript,hard,productive,adopt,brent,parm,shipping,email,bulletin,thank,application,citizen,freewill,plastic,transmitter,minivan,flamethrower,differential,israel,bosnia,bonner,cache,kawasaki,mail,send,camry,physician,lean,mileage,seminar,exabyte,drive,arrest,sale,driver,state,canada,funnel,taught,humor,picker,horizontal,copying,blew,cursor,study,pentium,shell,lutz,performance,wiretap,midi,truelove,condition,drive,felony,tote,lick
4,league,treatment,launch,outrage,peace,motif,projector,test,serdar,laserwriter,floppy,phone,mustang,including,bible,child,encrypt,sega,front,survivor,please,catholic,advance,civil,video,surrender,intersection,survey,moral,software,science,road,belief,rider,argument,format,government,newsgroup,format,monitor,spirit,agent,sell,secular,cruel,radio,cryptography,koresh,glock,line,upgrade,president,bank,paint,cold,vram,fortran,bagg,regulation,running,motorola,trip,bike,minerva,context,children,ethernet,group,disease,board,brand,health,intercourse,fang,spirit,children,amiga,tewa,convert,reinstall,symbolize,athena,centigrade,torah,mail,immaculate,video,email,toolkit,protect,bible,mask,congres,spiro,fire,sensor,requestor,mary,azerbaijani,sleep,code,selling,mail,crohn,queer,registering,collision,research,tape,quadra,unseal,phone,california,carry,columbia,municipality,heard,thrown,fantasy,rate,laughter,manhattan,deskjet,become,clock,league,export,mastering,seize,driver,leftover,verse,problem,gunshot,dialing,blah
5,baseball,cause,orbit,gehrig,arab,widget,output,loser,muslim,printing,install,encryption,model,space,jesu,death,burkhard,game,riding,koresh,window,scripture,list,amendment,attorney,avail,surface,sexual,subjective,port,scientific,parking,christianity,wave,exist,graphic,free,thread,book,board,verse,defense,interest,cheer,death,valentine,secret,dave,magnum,dial,chip,house,rushdie,bike,acid,controller,graham,comic,libertarian,memory,voice,transfer,ascot,dealer,accusing,size,chip,bagg,clinical,freddie,price,doctor,woman,bike,christ,christian,format,part,utility,install,product,linux,stove,rolex,phone,achtung,kermit,location,programming,amendment,devil,board,meet,price,backfire,child,village,safety,pogrom,problem,version,apple,intersection,scratchy,chomsky,owning,highway,graduate,doyle,aware,encryption,julia,parking,copyright,scrambling,grunt,rider,aware,burkhard,refresh,kristen,stay,fingernail,mustang,risc,protection,file,controller,clipper,media,pizza,excellent,load,property,phone,commodore
6,team,effect,space,three,jewish,problem,circuit,please,armenian,drive,controller,secret,engine,contain,truth,compound,clipper,genesi,bike,tank,email,translation,send,criminal,driver,shameful,point,partner,objective,internal,theory,bath,sense,harley,atheism,tiff,constitution,post,advance,video,bible,weapon,sale,jesu,kill,approaching,encrypt,israel,weapon,telephone,buying,congres,khomeini,polish,temperature,faster,petrucci,avenger,deficit,virtual,handgun,vesa,considering,read,temperature,flash,board,graphic,physician,music,tape,private,wife,ride,faith,brent,animation,batf,format,madsen,computer,platform,oven,financial,call,cher,doyle,information,baseball,government,lucifer,bakelite,laughter,saturn,splashing,acceleration,palestinian,insisting,aristide,fortran,public,price,tene,steering,media,number,seatbelt,graphic,drive,speed,knock,mail,argument,police,inca,pica,swerve,sarcasm,planetoid,sync,copyright,market,apple,specie,orthogonal,helmet,cursor,faster,case,soundblaster,bait,garage,norton,toolkit,germany,crohn
7,motherboard,patient,label,trip,bosnia,display,power,diamond,turkish,printer,boot,chip,turbo,note,christ,koresh,plaintext,sale,wheel,start,program,church,email,crime,vesa,skepticism,line,homosexual,specie,serial,observation,room,atheism,riding,atheist,program,militia,flame,image,graphic,punishment,handgun,offer,kent,innocent,detector,fortran,david,automatic,jack,price,democrat,islamic,dave,concrete,slot,chemistry,wolverine,income,window,quality,orlando,honda,virginia,hypocrite,nikon,connector,split,medicine,tape,sell,medical,church,maytag,christian,christianity,atari,chod,dump,software,stove,avenger,microwave,niet,sent,contact,projector,mail,code,court,angel,blue,house,nissan,butane,determine,arab,perfect,deposition,beep,decryption,computer,message,fusi,forgot,infomation,saab,sponsoring,hotel,transfer,helicopter,card,road,firearm,spiro,private,teach,loop,jacoby,software,idea,bobbe,ergonomic,equivalent,faster,impact,existance,quadra,crime,mapper,turkey,sale,defrag,hammer,swedish,group
8,game,word,mission,though,palestinian,window,voltage,think,turk,laser,scsi,escrow,ford,archive,church,homosexual,secret,nintendo,lane,knock,file,book,mail,government,window,pitt,polygon,cramer,animal,external,evolution,area,truth,biker,theist,file,freedom,feel,fractal,orchid,heaven,firearm,contact,notion,life,signal,algorithm,davidian,shoot,number,thank,initiative,muslim,coat,battery,cache,holt,mutant,papua,file,isdn,voucher,buying,azure,argument,cordura,slot,wate,condemnation,postage,silex,canadian,marriage,squid,doctrine,bible,commodore,nahf,program,disk,unix,avail,electric,maken,return,madonna,room,please,nextstep,postscript,tell,state,president,dealer,flame,signal,land,ball,sumgait,startup,unix,shopper,cose,toyota,closet,metzger,audi,contact,backup,controller,search,customer,plate,conceal,refractive,vmax,steer,jennifer,neuharth,adapter,unlike,bronx,elusive,different,cisc,padding,filename,scsi,attorney,sound,turkish,mile,restart,kill,tone,loaner
