,0,1,2,3,4,5,6,7,8,9,10,11,12,13,14,15,16,17,18,19,20,21,22,23,24,25,26,27,28,29,30,31,32,33,34,35,36,37,38,39,40,41,42,43,44,45,46,47,48,49,50,51,52,53,54,55,56,57,58,59,60,61,62,63,64,65,66,67,68,69,70,71,72,73,74,75,76,77,78,79,80,81,82,83,84,85,86,87,88,89,90,91,92,93,94,95,96,97,98,99
0,bottom,causation,domination,handling,intel,considerate,tinker,orgone,journal,habitation,elektra,thibault,balkan,mogilny,immigration,variable,impinge,silent,prosper,juan,bloody,harass,painless,freddie,governor,speaking,spousal,discman,jersualem,inorganic,header,kazakhstan,whilst,oiler,bomber,puberty,pound,subaru,wharton,connectivity,saver,immunology,grazing,canadien,bronze,transaction,mucosal,lettering,warmer,arun,land,novel,woofing,chinese,alternative,sabbath,resonating,midwest,sagan,planetarium,autonomy,regimen,phonetic,leveling,fortune,parallel,slick,madeleine,wimpy,twice,galloping,conversion,hairy,raising,peacekeeping,forty,motel,placing,mccormack,tomorrow,fatal,aliyev,hassan,skating,proprietor,sundheim,observe,messina,rebroadcast,basemen,carew,manage,letterhead,latch,gandhi,lifelong,gambler,muffin,drugstore,hilo
1,horizontal,slightest,atrocity,flexibility,scor,impartial,reay,skew,newspaper,hittite,vanya,johan,armenian,stastny,adherence,latency,perpetrate,poetry,coexist,cuban,blow,incriminate,obscene,roger,referendum,march,scandal,tappara,sprach,chromium,clincher,morocco,islington,karine,crossfire,insemination,bean,proton,rubenstein,desktop,retraining,literacy,farm,nada,derby,discount,nerve,luggage,hail,shar,sahara,darth,megatrend,chiu,conventional,evangelist,cheering,alberta,dabrowski,astronomical,framework,dosing,function,overreacting,boyfriend,busy,feminine,fran,nuke,europe,afoot,waste,pony,contraction,sailor,residing,diner,reforming,rowland,else,anthrax,fermi,egyptian,inaugural,sculptor,provine,verify,autobahn,shortwave,lackey,trott,attract,cryptography,crankcase,irgun,perfection,trekker,sprinkling,champagne,peoria
2,plank,rumour,zionist,organisation,amoco,astute,dickinson,plaintext,headline,scandinavian,groucho,pascal,albanian,larionov,prohibiting,cosmological,overplay,piano,hereby,victor,anti,deprive,dreadful,vick,candidate,convention,allege,umbc,personae,formic,wedge,ecuador,constituency,skipjack,bulldozer,arrhythmia,vanilla,chevrolet,macmillan,transmit,tuition,math,shark,telex,round,brokerage,lymph,mesh,battering,ilhan,continental,apocalyptic,zooid,taipei,visual,liturgical,laughing,nevada,toobin,kibo,arrangement,overuse,kernel,deluding,sole,terminal,glossy,kristen,streaky,ending,stratosphere,safer,sloth,robust,guard,eleventh,cabin,recognising,harkin,true,syndrome,semenov,swat,youth,roommate,dorthy,nominate,svenska,kayhan,orel,henrik,demolish,asynchronous,knob,atal,superhuman,easterner,chop,food,camden
3,fence,barest,propaganda,healthcare,maker,expeditious,ashe,interlace,editorial,confederacy,pixie,renoir,austrian,fuhr,procedure,optimum,metabolize,filming,rejoice,mario,rash,threaten,outrageous,ambrose,likud,department,misdemeanor,misl,topo,iodine,clock,grenada,mansfield,arjuna,stab,deprivation,spicy,pickup,burnham,optic,collateral,scholarship,flora,terra,lightweight,deutsche,inflammation,ribbon,blazing,hannan,waterfall,cinderella,chaldea,cheung,description,atonement,spout,tennessee,beyer,craft,restart,venom,grammatical,fiddling,honor,main,glamour,theresa,gutter,lost,cascading,procurement,bulldog,unemployment,vessel,nineteen,fireplace,funneling,raiser,might,escherichia,sergey,rafsanjani,summer,archeologist,mcconkie,consider,remo,wfan,orosco,vijay,entertain,macro,shaft,beit,astonishment,cadre,flatten,burger,kalamazoo
4,glass,proviso,oppressor,coverage,geico,repentant,cochrane,comma,traveler,psalm,mein,reinhold,danish,dafoe,procedural,anisotropy,reinterpret,concert,beseech,benito,downfall,overwhelm,humiliating,brian,democratic,saying,suing,hyssop,theologica,emitting,scramble,yemen,cambridge,chum,assault,marital,soup,craftsman,caufield,setup,fare,smithsonian,migrating,localhost,defeating,property,gall,pencil,damaging,reddy,antarctic,caricature,futzing,korean,elaborate,christ,blaring,charleston,schwarz,greenpeace,process,cortisone,exponential,valuing,colonial,facility,texture,sheila,voila,broke,taper,cheap,goblin,flagging,minesweeper,lowest,annex,benefiting,weinberger,going,respiratory,czarist,insurgent,competition,cardiologist,shanna,announce,attica,kdka,tettleton,jarkko,salvage,runtime,gearbox,dayan,longing,protestor,rinse,carton,desoto
5,barrier,coherent,disobedience,donor,fedex,manipulative,dyke,simd,written,textual,grimm,goering,slovenia,sura,affirmative,projection,synchronize,broadway,cower,alfredo,siege,suppress,wasteful,martin,member,european,indictment,hereinafter,mots,propellant,pitch,peru,somerset,jingu,shotgun,diagnostic,sesame,cadillac,rouse,audio,checkoff,archaeology,culling,primer,straight,treasury,genital,shirt,tornado,rezaei,stretch,mutant,presense,ning,geographic,convent,wink,richmond,toynbee,vandenberg,compromise,retardant,tangent,reformatting,imperial,intersection,thriving,marge,riddance,altogether,smoldering,electrical,condor,anticipation,deployment,maximum,bathing,naming,sasser,likewise,irritant,mironov,rouge,franchise,banker,goretti,withdraw,stavropol,nightline,hander,moeller,confiscate,opengl,ajar,yossi,sincerity,propagandist,liquid,brewery,brook
6,black,prejudicial,akin,socio,exxon,ambivalent,hosea,modulator,summary,mysticism,marv,dominique,poland,backstrom,restrictive,coupling,embroil,guild,thou,rossi,terror,derail,messy,ashley,opposition,ceremony,pedophile,mixe,nikkor,oxidative,knock,zealand,wembley,sourcebook,spraying,neurologic,kosher,tahoe,thalmann,offline,backlog,journalism,trout,belle,double,quarter,scar,nail,nighttime,vali,headland,twilight,megabuck,chao,model,archangel,crescendo,freshman,glaser,ascent,outlining,epileptic,vertex,sizing,royal,passenger,versatile,jelinek,turnoff,receiving,logjam,expensive,jasmine,inflation,departing,surpass,foyer,privatizing,hadley,touch,contracting,igor,syria,star,participant,roell,apology,garching,xtra,pitcher,ferreira,build,http,moonroof,sandinista,conservatism,repairman,frying,nutritional,uniondale
7,thin,equidistant,forcible,trust,mirage,picky,nanci,cybernetic,write,rosicrucian,nirvana,heinrich,srebrenica,luongo,selective,residual,subtract,quartet,oughta,helio,protesting,endanger,dodgy,murphy,majority,thursday,attorney,shirak,somethin,zinc,rushing,guyana,sussex,reaper,mock,lethargy,shrimp,decker,oakbrook,vista,fixe,fulbright,aboriginal,maestro,fourth,reserve,vascular,quilt,humidity,arif,scenic,fairy,artistical,hang,unusual,jacobite,overflowing,michigan,kluge,orbital,mediator,prescribing,approximate,cashing,pregnant,dock,exquisite,wendy,crap,alone,sprouting,industrial,lemur,expecting,peacetime,total,store,sparing,gingrich,enjoy,deficiency,koptev,salam,roster,historian,kille,agree,faroe,multiplex,leadoff,verbeek,rectify,unix,cathode,kibbutzim,foresight,manipulator,bake,perfume,ithaca
8,shell,authenticity,witchcraft,fledgling,astra,disobedient,wadsworth,buffering,biographical,polynesian,bowie,einstein,bosnia,samuelsson,arbitration,neural,embed,performance,remarking,clemente,disruption,invade,repugnant,irwin,bloc,official,imprisonment,ashcan,doit,potassium,spin,bahrain,essex,lair,roadblock,implantation,cucumber,convertible,hyperion,transmission,cancellation,lecture,fossil,origen,semi,yield,heel,nylon,havoc,musa,stretching,realm,oversampling,taiwan,regarding,scientology,purring,vermont,speer,flyby,prelude,antidote,gaussian,wetting,brother,site,bright,claire,sorta,transfer,languish,unsafe,parrot,factor,commandant,shorter,room,employing,coolidge,happen,infection,petro,somali,soccer,farmer,seppo,pledge,ittihad,televise,inning,bowyer,quantify,floppy,rectifier,einem,honesty,typesetter,mold,dairy,cimarron
9,replica,generational,servitude,development,mobil,scrupulous,kieran,bridle,manifesto,spirituality,rockin,bertrand,quebec,holik,stipulate,parallax,correlate,tenor,heck,rosa,blitz,insulate,demeaning,walton,plurality,chief,probe,tandberg,andere,vitamin,racket,manila,winchester,trojan,bomb,menstrual,curry,litre,macquarie,controller,probationary,school,fowl,milano,defending,composite,spasm,pocket,mist,mahi,backwater,fantasy,apparant,chow,methodology,commemorate,resounding,montreal,beamer,odyssey,footing,erythromycin,convolution,conversing,dynasty,east,squeaky,valerie,gimme,pressure,rusting,agricultural,crimson,marginal,intercept,ratio,closet,empowering,mica,knowing,malaria,havel,arab,player,painter,imlach,abandon,stalingrad,daytime,shortstop,jonny,solicit,smalltalk,pedal,shalom,reverence,kungfu,skewer,jewelry,algonquin
